"offerID"|"name"
"petnutritioncenter_035"|"Blue Buffalo BLUE Life Protection Formula Adult Toy Breed Chicken and Brown Rice Dry Dog Food"
"petnutritioncenter_107"|"Blue Buffalo Life Protection Adult Fish and Brown Rice Recipe Dry Dog Food"
"petnutritioncenter_215"|"Royal Canin Shih Tzu Adult Dry Dog Food"
"petnutritioncenter_216"|"Royal Canin Shih Tzu Puppy Dry Dog Food"
"miscota_289"|"Royal Canin Medium Light Weight Care"
"miscota_239"|"Royal Canin Pug Adult"
"speckspets_032"|"Blue Buffalo  SM BRD PUP CKN/OAT  6LB"
"speckspets_033"|"Blue Buffalo SM BREED SR 6LB"
"speckspets_045"|"Blue Buffalo Wilderness DUCK 24LB"
"speckspets_048"|"Blue Buffalo Wilderness REDMEAT SB 4LB"
"speckspets_052"|"Blue Buffalo Wilderness SM BRD CKN GF 4.5LB"
"petco_011"|"Blue Buffalo Blue Wilderness Large Breed Adult Chicken Recipe Dry Dog Food; 24 lbs."
"petnutritioncenter_223"|"Taste Of The Wild Grain Free Southwest Canyon with Wild Boar Dry Dog Food"
"petnutritioncenter_224"|"Taste Of The Wild High Prairie Canned Dog Food"
"petnutritioncenter_225"|"Taste Of The Wild High Prairie Dry Dog Food"
"petnutritioncenter_226"|"Taste Of The Wild High Prairie Roasted Bison and Venison Puppy Dry Food"
"petnutritioncenter_229"|"Taste Of The Wild Pacific Stream Smoked Salmon Puppy Dry Food"
"petnutritioncenter_230"|"Taste Of The Wild Sierra Mountain Canine Canned Dog Food"
"petnutritioncenter_231"|"Taste Of The Wild Sierra Mountain Dry Dog Food"
"petnutritioncenter_233"|"Taste Of The Wild Wetlands Canned Dog Food"
"petnutritioncenter_234"|"Taste Of The Wild Wetlands Dry Dog Food"
"petco_002"|"Blue Buffalo Blue Life Protection Formula Senior Chicken & Brown Rice Recipe Dry Dog Food; 30 lbs."
"petco_018"|"Blue Buffalo Blue Freedom Grain-Free Small Breed Adult Chicken Recipe Dry Dog Food; 11 lbs."
"petnutritioncenter_221"|"Taste Of The Wild Grain Free Appalachian Valley Small Breed Recipe Dry Dog Food"
"petnutritioncenter_222"|"Taste Of The Wild Grain Free Pine Forest Recipe Dry Dog Food"
"petnutritioncenter_227"|"Taste Of The Wild Pacific Stream Canned Dog Food"
"petnutritioncenter_228"|"Taste Of The Wild Pacific Stream Dry Dog Food"
"petco_065"|"Natural Balance L.I.D. Limited Ingredient Diets Sweet Potato & Fish Small Breed Bites Dog Food; 12 lbs."
"roguevalleypet_162"|"Royal Canin Rottweiler Puppy Recipe Dry Dog Food"
"roguevalleypet_176"|"Taste Of The Wild High Prairie Roasted Bison and Venison Puppy Dry Food"
"petsense_010"|"Natural Balance L.I.D. Limited Ingredient Diets Potato and Duck Small Breed Bites Dry Dog Food"
"petsense_011"|"Natural Balance Limited Ingredients Diet Lamb Meal & Brown Rice Large Breed Dry Dog Food"
"petsense_013"|"Taste Of The Wild High Prairie Roasted Bison and Venison Puppy Dry Food"
"petsense_064"|"Royal Canin Shih Tzu Puppy Dry Dog Food"
"petnutritioncenter_030"|"Blue Buffalo BLUE Freedom Large Breed Adult Beef Recipe Dry Dog Food"
"petnutritioncenter_046"|"Blue Buffalo BLUE Wilderness Rocky Mountain Recipe Small Breed Red Meat Dry Dog Food"
"horseandhound_005"|"Blue Buffalo Life Protection Healthy Weight Adult Chicken and Brown Rice Recipe Dry Dog Food"
"bibita_260"|"Royal Canin Rottweiler Junior"
"megapet_077"|"Royal Canin Medium Puppy 4kg Dry Dog Food"
"megapet_082"|"Royal Canin Mini Puppy 2kg Dry Dog Food"
"megapet_086"|"Royal Canin Poodle Adult Dog 7.5kg Dry Dog Food"
"megapet_089"|"Royal Canin Pug Junior 1.5kg Dry Dog Food"
"megapet_092"|"Royal Canin Rottweiller Adult Dog 12kg Dry Dog Food"
"megapet_101"|"Taste of the Wild Grain Free Canine Pacific Stream 2kg Dry Dog Food"
"megapet_102"|"Taste of the Wild Grain Free Canine Pine Forest 13kg Dry Dog Food"
"megapet_103"|"Taste of the Wild Grain Free Canine Pine Forest 2kg Dry Dog Food"
"megapet_105"|"Taste of the Wild Grain Free Canine Sierra Mountain 2kg Dry Dog Food"
"megapet_108"|"Taste of the Wild Grain Free Canine Southwest Canyon 2kg Dry Dog Food"
"megapet_109"|"Taste of the Wild Grain Free Canine Wetlands 13kg Dry Dog Food"
"megapet_110"|"Taste of the Wild Grain Free Canine Wetlands 2kg Dry Dog Food"
"horseandhound_002"|"Blue Buffalo Life Protection Adult Chicken and Brown Rice Recipe Dry Dog Food"
"horseandhound_006"|"Blue Buffalo Life Protection Large Breed Adult Chicken and Brown Rice Recipe Dry Dog Food"
"horseandhound_007"|"Blue Buffalo Life Protection Large Breed Adult Healthy Weight Chicken and Brown Rice Recipe Dry Dog Food"
"horseandhound_009"|"Blue Buffalo Life Protection Senior Chicken and Brown Rice Recipe Dry Dog Food"
"horseandhound_011"|"Blue Buffalo Wilderness Grain Free Chicken Recipe Dry Dog Food"
"horseandhound_012"|"Blue Buffalo Wilderness Grain Free Salmon Recipe Dry Dog Food"
"horseandhound_046"|"Natural Balance L.I.D. Limited Ingredient Diets Potato and Duck Small Breed Bites Dry Dog Food"
"horseandhound_050"|"Natural Balance Limited Ingredient Diets High Protein Beef Dry Dog Food"
"horseandhound_065"|"Royal Canin Adult Maltese Dry Dog Food"
"horseandhound_067"|"Royal Canin Adult Medium Sensitive Skin Care Dry Dog Food"
"horseandhound_070"|"Royal Canin Beagle Adult Dry Dog Food"
"horseandhound_074"|"Royal Canin Bulldog Puppy Dry Dog Food"
"horseandhound_079"|"Royal Canin Dachshund Adult Dry Dog Food"
"horseandhound_089"|"Royal Canin Golden Retriever Puppy Dry Dog Food"
"horseandhound_091"|"Royal Canin Size Health Nutrition Indoor Life Small Breed Senior Dry Dog Food"
"horseandhound_111"|"Royal Canin Mini Adult Dry Dog Food"
"horseandhound_112"|"Royal Canin Size Health Nutrition Small Breed Adult Dry Dog Food"
"horseandhound_117"|"Royal Canin Small Breed Special Dry Dog Food"
"horseandhound_127"|"Royal Canin Rottweiler Puppy Recipe Dry Dog Food"
"horseandhound_128"|"Royal Canin Shih Tzu Adult Dry Dog Food"
"horseandhound_129"|"Royal Canin Shih Tzu Puppy Dry Dog Food"
"horseandhound_140"|"Taste Of The Wild Grain Free Southwest Canyon with Wild Boar Dry Dog Food"
"horseandhound_141"|"Taste Of The Wild High Prairie Dry Dog Food"
"horseandhound_142"|"Taste Of The Wild High Prairie Roasted Bison and Venison Puppy Dry Food"
"horseandhound_143"|"Taste Of The Wild Pacific Stream Dry Dog Food"
"horseandhound_144"|"Taste Of The Wild Pacific Stream Smoked Salmon Puppy Dry Food"
"horseandhound_145"|"Taste Of The Wild Sierra Mountain Dry Dog Food"
"horseandhound_146"|"Taste Of The Wild Wetlands Dry Dog Food"
"healthypetcenter_003"|"Blue Buffalo Basics Grain Free Adult Duck and Potato Recipe Dry Dog Food"
"healthypetcenter_068"|"Blue Buffalo Freedom Grain Free Chicken Recipe Puppy Dry Dog Food"
"healthypetcenter_076"|"Blue Buffalo Freedom Large Breed Adult Beef Recipe Dry Dog Food"
"healthypetcenter_099"|"Blue Buffalo Life Protection Adult Fish and Brown Rice Recipe Dry Dog Food"
"healthypetcenter_100"|"Blue Buffalo Life Protection Adult Lamb and Brown Rice Recipe Dry Dog Food"
"healthypetcenter_102"|"Blue Buffalo Life Protection Formula Adult Toy Breed Chicken and Brown Rice Dry Dog Food"
"healthypetcenter_244"|"Natural Balance L.I.D. Limited Ingredients Diet Lamb Meal and Brown Rice Large Breed Bites Dry Dog Food"
"countrymax_053"|"Blue Buffalo Wilderness Duck Dog Food"
"bibita_276"|"Royal Canin Maxi Puppy"
"miscota_140"|"Hill's Adult Advanced Fitness Medium Tuna and Rice"
"miscota_160"|"Royal Canin Maxi Adult"
"miscota_163"|"Royal Canin Maxi Adult"
"miscota_164"|"Royal Canin Labrador Retriever Adult"
"miscota_294"|"Royal Canin Mini Adult"
"megapet_080"|"Royal Canin Mini Adult Dog 8kg Dry Dog Food"
"megapet_088"|"Royal Canin Pug Adult Dog 3kg Dry Dog Food"
"megapet_095"|"Royal Canin Small Dogs Dermacomfort 2kg Dry Dog Food"
"megapet_097"|"Royal Canin Small Dogs Light Weight Care 2kg Dry Dog Food"
"megapet_098"|"Taste of the Wild Grain Free Canine High Prairie 13kg Dry Dog Food"
"megapet_104"|"Taste of the Wild Grain Free Canine Sierra Mountain 13kg Dry Dog Food"
"megapet_107"|"Taste of the Wild Grain Free Canine Southwest Canyon 13kg Dry Dog Food"
"horseandhound_003"|"Blue Buffalo Life Protection Adult Fish and Brown Rice Recipe Dry Dog Food"
"horseandhound_004"|"Blue Buffalo Life Protection Adult Lamb and Brown Rice Recipe Dry Dog Food"
"horseandhound_008"|"Blue Buffalo Life Protection Large Breed Senior Chicken and Brown Rice Recipe Dry Dog Food"
"horseandhound_010"|"Blue Buffalo Life Protection Small Breed Adult Chicken And Brown Rice Recipe Dry Dog Food"
"horseandhound_049"|"Natural Balance L.I.D. Limited Ingredients Diet Lamb Meal and Brown Rice Large Breed Bites Dry Dog Food"
"horseandhound_138"|"Taste Of The Wild Grain Free Appalachian Valley Small Breed Recipe Dry Dog Food"
"horseandhound_139"|"Taste Of The Wild Grain Free Pine Forest Recipe Dry Dog Food"
"healthypetcenter_098"|"Blue Buffalo Life Protection Adult Chicken and Brown Rice Recipe Dry Dog Food"
"healthypetcenter_113"|"Blue Buffalo Life Protection Small Breed Adult Chicken And Brown Rice Recipe Dry Dog Food"
"bibita_069"|"Royal Canin Medium Dermacomfort"
"bibita_118"|"Taste of the Wild Pacific Stream Puppy"
"miscota_161"|"Royal Canin Maxi Adult"
"miscota_165"|"Royal Canin Labrador Retriever Adult"
"horseandhound_092"|"Royal Canin Jack Russell Terrier Puppy Recipe Dry Dog Food"
"healthypetcenter_103"|"Blue Buffalo Life Protection Healthy Weight Adult Chicken and Brown Rice Recipe Dry Dog Food"
"bigdogworld_023"|"Taste of the Wild Pine Forest Venison and Legumes 13Kg"
"roguevalleypet_149"|"Royal Canin Mini Adult Dry Dog Food"
"petnutritioncenter_089"|"Blue Buffalo Freedom Grain Free Chicken Recipe Puppy Dry Dog Food"
"petnutritioncenter_106"|"Blue Buffalo Life Protection Adult Chicken and Brown Rice Recipe Dry Dog Food"
"petnutritioncenter_108"|"Blue Buffalo Life Protection Adult Lamb and Brown Rice Recipe Dry Dog Food"
"petnutritioncenter_110"|"Blue Buffalo Life Protection Healthy Weight Adult Chicken and Brown Rice Recipe Dry Dog Food"
"petnutritioncenter_111"|"Blue Buffalo Life Protection Large Breed Adult Chicken and Brown Rice Recipe Dry Dog Food"
"petnutritioncenter_113"|"Blue Buffalo Life Protection Large Breed Adult Healthy Weight Chicken and Brown Rice Recipe Dry Dog Food"
"petnutritioncenter_114"|"Blue Buffalo Life Protection Large Breed Puppy Chicken and Brown Rice Recipe Dry Dog Food"
"petnutritioncenter_115"|"Blue Buffalo Life Protection Large Breed Senior Chicken and Brown Rice Recipe Dry Dog Food"
"petnutritioncenter_112"|"Blue Buffalo Life Protection Large Breed Adult Fish and Oatmeal Recipe Dry Dog Food"
"petnutritioncenter_117"|"Blue Buffalo Life Protection Puppy Lamb and Oatmeal Recipe Dry Dog Food"
"petnutritioncenter_118"|"Blue Buffalo Life Protection Senior Chicken and Brown Rice Recipe Dry Dog Food"
"petnutritioncenter_120"|"Blue Buffalo Life Protection Small Breed Adult Fish and Brown Rice Recipe Dry Dog Food"
"petnutritioncenter_121"|"Blue Buffalo Life Protection Small Breed Adult Healthy Weight Chicken and Brown Rice Recipe Dry Dog Food"
"petnutritioncenter_124"|"Blue Buffalo Life Protection Small Breed Senior Chicken and Brown Rice Recipe Dry Dog Food"
"petnutritioncenter_133"|"Blue Buffalo Wilderness Grain Free Chicken Recipe Dry Dog Food"
"petnutritioncenter_135"|"Blue Buffalo Wilderness Grain Free Denali Dinner with Salmon; Venison and Halibut Dry Dog Food"
"petnutritioncenter_141"|"Blue Buffalo Wilderness Grain Free Large Breed Chicken Dry Dog Food"
"petnutritioncenter_143"|"Blue Buffalo Wilderness Grain Free Salmon Recipe Dry Dog Food"
"petnutritioncenter_145"|"Blue Buffalo Wilderness Grain Free Small Breed  Chicken Dry Dog Food"
"petnutritioncenter_165"|"Blue Buffalo Wilderness Turkey and Chicken Grill Canned Dog Food"
"petnutritioncenter_184"|"Royal Canin Adult Medium Sensitive Skin Care Dry Dog Food"
"petnutritioncenter_188"|"Royal Canin Beagle Adult Dry Dog Food"
"petnutritioncenter_192"|"Royal Canin Bulldog Puppy Dry Dog Food"
"petnutritioncenter_196"|"Royal Canin Dachshund Adult Dry Dog Food"
"petnutritioncenter_202"|"Royal Canin Golden Retriever Puppy Dry Dog Food"
"petnutritioncenter_203"|"Royal Canin Indoor Life Small Breed Senior Dry Dog Food"
"petnutritioncenter_204"|"Royal Canin Jack Russell Terrier Puppy Recipe Dry Dog Food"
"petnutritioncenter_214"|"Royal Canin Rottweiler Puppy Recipe Dry Dog Food"
"healthypetcenter_199"|"Blue Buffalo Wilderness Turkey and Chicken Grill Canned Dog Food"
"countrymax_031"|"Blue Buffalo Large Breed Puppy Chicken & Brown Rice"
"countrymax_092"|"Royal Canin Beagle Adult Dry Dog Food"
"countrymax_103"|"Royal Canin Shih Tzu 24 Dog Food 2.5 Pounds"
"countrymax_115"|"Taste of the Wild Pine Forest Venison & Legume Dog Food"
"concordpetfoods_006"|"Royal Canin Size Health Nutrition Indoor Life Small Breed Senior Dry Dog Food"
"concordpetfoods_064"|"Taste Of The Wild Pacific Stream Canned Dog Food"
"bibita_272"|"Royal Canin German Shepherd Junior"
"bibita_274"|"Royal Canin Golden Retriever Junior"
"petsupplies_095"|"Blue Freedom Grain Free Small Breed Dry Dog Food P00204"
"petfood_063"|"Blue Buffalo Wilderness Duck Dry Dog Food 24lb"
"petfood_073"|"Blue Buffalo Basic Turkey/Potato Dry Dog Food 11lb"
"petfood_076"|"Blue Buffalo Lg Breed Senior Dry Dog Food 30lb"
"dog_101"|"Natural Balance LID Lg Breed Dry Dog Food 14lb"
"dog_105"|"Blue Buffalo Wilderness Duck Dry Dog Food 24lb"
"dog_115"|"Blue Buffalo Life Protect Senior Dry Dog Food 30lb"
"dog_140"|"Blue Buffalo Basic Turkey/Potato Dry Dog Food 11lb"
"miscota_009"|"Taste of the Wild High Prairie Canine Formula with Roasted Bison & Roasted Venison"
"petnutritioncenter_116"|"Blue Buffalo Life Protection Puppy Chicken and Brown Rice Recipe Dry Dog Food"
"petnutritioncenter_119"|"Blue Buffalo Life Protection Small Breed Adult Chicken And Brown Rice Recipe Dry Dog Food"
"petnutritioncenter_123"|"Blue Buffalo Life Protection Small Breed Puppy Chicken and Oatmeal Recipe Dry Dog Food"
"petnutritioncenter_137"|"Blue Buffalo Wilderness Grain Free Duck Recipe Dry Dog Food"
"dog_131"|"Blue Buffalo Lg Breed Senior Dry Dog Food 30lb"
"miscota_001"|"Taste of the Wild Wetlands Canine Formula with Roasted Fowl"
"miscota_002"|"Taste of the Wild Wetlands Canine Formula with Roasted Fowl"
"miscota_003"|"Taste of the Wild Wetlands Canine Formula with Roasted Fowl"
"speckspets_006"|"Blue Buffalo CHICKEN PUPPY 6LB"
"speckspets_010"|"Blue Buffalo CHKN SENIOR 30LB"
"speckspets_011"|"Blue Buffalo CHKN SM BREED ADULT 6LB"
"petnutritioncenter_182"|"Royal Canin Adult Maltese Dry Dog Food"
"mypetwarehouse_156"|"ROYAL CANIN DOG MINI DERMACOMFORT 2KG"
"mypetwarehouse_165"|"TASTE OF THE WILD APPALACHIAN VALLEY GRAIN FREE SMALL BREED VENISON 2KG"
"mypetwarehouse_162"|"ROYAL CANIN DOG MINIATURE SCHNAUZER 7.5KG"
"mypetwarehouse_164"|"ROYAL CANIN DOG PUG DOG FOOD 3KG"
"mypetwarehouse_197"|"TASTE OF THE WILD WETLANDS GRAIN FREE CANINE 6KG"
"roguevalleypet_020"|"Blue Buffalo Freedom Grain Free Chicken Recipe Puppy Dry Dog Food"
"roguevalleypet_022"|"Blue Buffalo Freedom Large Breed Adult Beef Recipe Dry Dog Food"
"roguevalleypet_026"|"Blue Buffalo Life Protection Adult Chicken and Brown Rice Recipe Dry Dog Food"
"roguevalleypet_027"|"Blue Buffalo Life Protection Adult Fish and Brown Rice Recipe Dry Dog Food"
"roguevalleypet_028"|"Blue Buffalo Life Protection Adult Lamb and Brown Rice Recipe Dry Dog Food"
"roguevalleypet_030"|"Blue Buffalo Life Protection Formula Adult Toy Breed Chicken and Brown Rice Dry Dog Food"
"roguevalleypet_031"|"Blue Buffalo Life Protection Healthy Weight Adult Chicken and Brown Rice Recipe Dry Dog Food"
"roguevalleypet_032"|"Blue Buffalo Life Protection Large Breed Adult Chicken and Brown Rice Recipe Dry Dog Food"
"roguevalleypet_033"|"Blue Buffalo Life Protection Large Breed Adult Fish and Oatmeal Recipe Dry Dog Food"
"roguevalleypet_034"|"Blue Buffalo Life Protection Large Breed Adult Healthy Weight Chicken and Brown Rice Recipe Dry Dog Food"
"roguevalleypet_036"|"Blue Buffalo Life Protection Large Breed Puppy Chicken and Brown Rice Recipe Dry Dog Food"
"roguevalleypet_038"|"Blue Buffalo Life Protection Puppy Chicken and Brown Rice Recipe Dry Dog Food"
"roguevalleypet_039"|"Blue Buffalo Life Protection Puppy Lamb and Oatmeal Recipe Dry Dog Food"
"roguevalleypet_040"|"Blue Buffalo Life Protection Senior Chicken and Brown Rice Recipe Dry Dog Food"
"roguevalleypet_041"|"Blue Buffalo Life Protection Small Breed Adult Chicken And Brown Rice Recipe Dry Dog Food"
"roguevalleypet_042"|"Blue Buffalo Life Protection Small Breed Adult Fish and Brown Rice Recipe Dry Dog Food"
"roguevalleypet_043"|"Blue Buffalo Life Protection Small Breed Adult Healthy Weight Chicken and Brown Rice Recipe Dry Dog Food"
"roguevalleypet_045"|"Blue Buffalo Life Protection Small Breed Puppy Chicken and Oatmeal Recipe Dry Dog Food"
"roguevalleypet_055"|"Blue Buffalo Wilderness Grain Free Chicken Recipe Dry Dog Food"
"roguevalleypet_056"|"Blue Buffalo Wilderness Grain Free Denali Dinner with Salmon; Venison and Halibut Dry Dog Food"
"roguevalleypet_057"|"Blue Buffalo Wilderness Grain Free Duck Recipe Dry Dog Food"
"roguevalleypet_061"|"Blue Buffalo Wilderness Grain Free Salmon Recipe Dry Dog Food"
"roguevalleypet_063"|"Blue Buffalo Wilderness Grain Free Small Breed  Chicken Dry Dog Food"
"roguevalleypet_072"|"Blue Buffalo Wilderness Rocky Mountain Recipe Small Breed Red Meat Dry Dog Food"
"roguevalleypet_088"|"Natural Balance L.I.D. Limited Ingredient Diets Potato and Duck Small Breed Bites Dry Dog Food"
"roguevalleypet_092"|"Natural Balance Limited Ingredient Diets High Protein Beef Dry Dog Food"
"roguevalleypet_107"|"Royal Canin Adult Maltese Dry Dog Food"
"roguevalleypet_109"|"Royal Canin Adult Medium Sensitive Skin Care Dry Dog Food"
"roguevalleypet_112"|"Royal Canin Beagle Adult Dry Dog Food"
"roguevalleypet_116"|"Royal Canin Bulldog Puppy Dry Dog Food"
"roguevalleypet_121"|"Royal Canin Dachshund Adult Dry Dog Food"
"roguevalleypet_131"|"Royal Canin Golden Retriever Puppy Dry Dog Food"
"roguevalleypet_133"|"Royal Canin Indoor Life Small Breed Senior Dry Dog Food"
"roguevalleypet_134"|"Royal Canin Jack Russell Terrier Puppy Recipe Dry Dog Food"
"roguevalleypet_153"|"Royal Canin Mini Special Dry Dog Food"
"roguevalleypet_163"|"Royal Canin Shih Tzu Adult Dry Dog Food"
"roguevalleypet_164"|"Royal Canin Shih Tzu Puppy Dry Dog Food"
"roguevalleypet_172"|"Taste Of The Wild Grain Free Appalachian Valley Small Breed Recipe Dry Dog Food"
"roguevalleypet_173"|"Taste Of The Wild Grain Free Pine Forest Recipe Dry Dog Food"
"roguevalleypet_174"|"Taste Of The Wild Grain Free Southwest Canyon with Wild Boar Dry Dog Food"
"roguevalleypet_175"|"Taste Of The Wild High Prairie Dry Dog Food"
"roguevalleypet_177"|"Taste Of The Wild Pacific Stream Dry Dog Food"
"roguevalleypet_179"|"Taste Of The Wild Sierra Mountain Dry Dog Food"
"roguevalleypet_180"|"Taste Of The Wild Wetlands Dry Dog Food"
"petsense_001"|"Taste Of The Wild High Prairie Dry Dog Food"
"petsense_002"|"Taste Of The Wild Pacific Stream Dry Dog Food"
"petsense_021"|"Natural Balance Limited Ingredient Diets High Protein Beef Dry Dog Food"
"petsense_024"|"Taste Of The Wild Sierra Mountain Dry Dog Food"
"petsense_025"|"Natural Balance L.I.D. Limited Ingredient Diets Adult Maintenance Sweet Potato and Fish Small Breed Bites Dry Dog Food"
"petsense_028"|"Blue Buffalo Wilderness Grain Free Chicken Recipe Dry Dog Food"
"petsense_029"|"Blue Buffalo Life Protection Small Breed Adult Fish and Brown Rice Recipe Dry Dog Food"
"petsense_030"|"Blue Buffalo Life Protection Adult Chicken and Brown Rice Recipe Dry Dog Food"
"petsense_034"|"Blue Buffalo Wilderness Grain Free Duck Recipe Dry Dog Food"
"petsense_035"|"Taste Of The Wild Grain Free Pine Forest Recipe Dry Dog Food"
"petsense_036"|"Blue Buffalo Life Protection Small Breed Puppy Chicken and Oatmeal Recipe Dry Dog Food"
"petsense_038"|"Blue Buffalo Life Protection Puppy Chicken and Brown Rice Recipe Dry Dog Food"
"petsense_039"|"Blue Buffalo Life Protection Large Breed Senior Chicken and Brown Rice Recipe Dry Dog Food"
"petsense_041"|"Blue Buffalo Life Protection Large Breed Adult Fish and Oatmeal Recipe Dry Dog Food"
"petsense_042"|"Blue Buffalo Life Protection Adult Lamb and Brown Rice Recipe Dry Dog Food"
"petsense_043"|"Blue Buffalo Life Protection Adult Fish and Brown Rice Recipe Dry Dog Food"
"petsense_044"|"Blue Buffalo Freedom Grain Free Chicken Recipe Puppy Dry Dog Food"
"petsense_046"|"Taste Of The Wild Pacific Stream Smoked Salmon Puppy Dry Food"
"petsense_047"|"Blue Buffalo BLUE Life Protection Formula Adult Toy Breed Chicken and Brown Rice Dry Dog Food"
"petsense_048"|"Blue Buffalo BLUE Freedom Large Breed Adult Beef Recipe Dry Dog Food"
"petsense_049"|"Blue Buffalo BLUE Basics Grain Free Adult Duck and Potato Recipe Dry Dog Food"
"petsense_054"|"Royal Canin Rottweiler Puppy Recipe Dry Dog Food"
"petsense_055"|"Royal Canin Adult Maltese Dry Dog Food"
"petsense_056"|"Royal Canin Mini Adult Dry Dog Food"
"petsense_057"|"Taste Of The Wild Wetlands Dry Dog Food"
"petsense_060"|"Royal Canin Mini Special Dry Dog Food"
"petsense_062"|"Royal Canin Adult Medium Sensitive Skin Care Dry Dog Food"
"petsense_063"|"Royal Canin Bulldog Puppy Dry Dog Food"
"petsense_065"|"Royal Canin Shih Tzu Adult Dry Dog Food"
"petsense_066"|"Royal Canin Dachshund Adult Dry Dog Food"
"petsense_078"|"Royal Canin Jack Russell Terrier Puppy Recipe Dry Dog Food"
"petsense_079"|"Taste Of The Wild Grain Free Appalachian Valley Small Breed Recipe Dry Dog Food"
"petnutritioncenter_002"|"Blue Buffalo Basics Adult Turkey and Potato Recipe Dry Dog Food"
"petnutritioncenter_015"|"Blue Buffalo BLUE Basics Grain Free Adult Duck and Potato Recipe Dry Dog Food"
"healthypetcenter_156"|"Blue Buffalo Wilderness Grain Free Large Breed Chicken Dry Dog Food"
"healthypetcenter_160"|"Blue Buffalo Wilderness Grain Free Small Breed  Chicken Dry Dog Food"
"cheshirepetsupplies_091"|"Royal Canin Miniature Schnauzer Adult 7.5kg"
"cheshirepetsupplies_093"|"Royal Canin Poodle Adult 7.5kg"
"bibita_137"|"Royal Canin Dachshund Adult"
"bibita_211"|"Royal Canin Dachshund Adult"
"petsupplies_015"|"Blue Buffalo Basic Turkey/Potato Dry Dog Food 11lb"
"miscota_336"|"Royal Canin Sensitivity Canine"
"roguevalleypet_037"|"Blue Buffalo Life Protection Large Breed Senior Chicken and Brown Rice Recipe Dry Dog Food"
"roguevalleypet_046"|"Blue Buffalo Life Protection Small Breed Senior Chicken and Brown Rice Recipe Dry Dog Food"
"roguevalleypet_091"|"Natural Balance L.I.D. Limited Ingredients Diet Lamb Meal and Brown Rice Large Breed Bites Dry Dog Food"
"petsense_037"|"Blue Buffalo Life Protection Small Breed Adult Healthy Weight Chicken and Brown Rice Recipe Dry Dog Food"
"petsense_040"|"Blue Buffalo Life Protection Large Breed Adult Healthy Weight Chicken and Brown Rice Recipe Dry Dog Food"
"petsense_068"|"Taste Of The Wild Grain Free Southwest Canyon with Wild Boar Dry Dog Food"
"bibita_135"|"Royal Canin Miniature Schnauzer Adult"
"bibita_140"|"Royal Canin West Highland White Terrier Adult"
"bibita_199"|"Royal Canin Mini Dermacomfort"
"bibita_224"|"Taste of the Wild Sierra Mountain Adult"
"miscota_332"|"Taste of the Wild Sierra Mountain Canine Formula with Roasted Lamb"
"megapet_065"|"Royal Canin Maxi Adult Dog 4kg Dry Dog Food"
"megapet_070"|"Royal Canin Medium Adult Dog 7+ 15kg Dry Dog Food"
"megapet_071"|"Royal Canin Medium Dogs Dermacomfort 10kg Dry Dog Food"
"megapet_076"|"Royal Canin Medium Puppy 15kg Dry Dog Food"
"healthypetcenter_104"|"Blue Buffalo Life Protection Large Breed Adult Chicken and Brown Rice Recipe Dry Dog Food"
"healthypetcenter_105"|"Blue Buffalo Life Protection Large Breed Adult Fish and Oatmeal Recipe Dry Dog Food"
"healthypetcenter_106"|"Blue Buffalo Life Protection Large Breed Adult Healthy Weight Chicken and Brown Rice Recipe Dry Dog Food"
"healthypetcenter_108"|"Blue Buffalo Life Protection Large Breed Puppy Chicken and Brown Rice Recipe Dry Dog Food"
"healthypetcenter_109"|"Blue Buffalo Life Protection Large Breed Senior Chicken and Brown Rice Recipe Dry Dog Food"
"healthypetcenter_110"|"Blue Buffalo Life Protection Puppy Chicken and Brown Rice Recipe Dry Dog Food"
"healthypetcenter_111"|"Blue Buffalo Life Protection Puppy Lamb and Oatmeal Recipe Dry Dog Food"
"healthypetcenter_112"|"Blue Buffalo Life Protection Senior Chicken and Brown Rice Recipe Dry Dog Food"
"healthypetcenter_114"|"Blue Buffalo Life Protection Small Breed Adult Fish and Brown Rice Recipe Dry Dog Food"
"healthypetcenter_115"|"Blue Buffalo Life Protection Small Breed Adult Healthy Weight Chicken and Brown Rice Recipe Dry Dog Food"
"healthypetcenter_117"|"Blue Buffalo Life Protection Small Breed Puppy Chicken and Oatmeal Recipe Dry Dog Food"
"healthypetcenter_118"|"Blue Buffalo Life Protection Small Breed Senior Chicken and Brown Rice Recipe Dry Dog Food"
"healthypetcenter_147"|"Blue Buffalo Wilderness Grain Free Chicken Recipe Dry Dog Food"
"healthypetcenter_152"|"Blue Buffalo Wilderness Grain Free Duck Recipe Dry Dog Food"
"healthypetcenter_158"|"Blue Buffalo Wilderness Grain Free Salmon Recipe Dry Dog Food"
"healthypetcenter_180"|"Blue Buffalo Wilderness Rocky Mountain Recipe Small Breed Red Meat Dry Dog Food"
"healthypetcenter_240"|"Natural Balance L.I.D. Limited Ingredient Diets Potato and Duck Small Breed Bites Dry Dog Food"
"healthypetcenter_259"|"Natural Balance Limited Ingredient Diets High Protein Beef Dry Dog Food"
"healthypetcenter_286"|"Royal Canin Adult Maltese Dry Dog Food"
"healthypetcenter_288"|"Royal Canin Adult Medium Sensitive Skin Care Dry Dog Food"
"healthypetcenter_291"|"Royal Canin Beagle Adult Dry Dog Food"
"healthypetcenter_292"|"Royal Canin Size Health Nutrition Indoor Life Small Breed Senior Dry Dog Food"
"healthypetcenter_293"|"Royal Canin Jack Russell Terrier Puppy Recipe Dry Dog Food"
"healthypetcenter_298"|"Royal Canin Rottweiler Puppy Recipe Dry Dog Food"
"healthypetcenter_304"|"Taste Of The Wild Grain Free Pine Forest Recipe Dry Dog Food"
"healthypetcenter_305"|"Taste Of The Wild Grain Free Southwest Canyon with Wild Boar Dry Dog Food"
"healthypetcenter_307"|"Taste Of The Wild High Prairie Dry Dog Food"
"healthypetcenter_308"|"Taste Of The Wild High Prairie Roasted Bison and Venison Puppy Dry Food"
"healthypetcenter_309"|"Taste Of The Wild Pacific Stream Canned Dog Food"
"healthypetcenter_310"|"Taste Of The Wild Pacific Stream Dry Dog Food"
"healthypetcenter_311"|"Taste Of The Wild Pacific Stream Smoked Salmon Puppy Dry Food"
"healthypetcenter_312"|"Taste Of The Wild Sierra Mountain Canine Canned Dog Food"
"healthypetcenter_313"|"Taste Of The Wild Sierra Mountain Dry Dog Food"
"healthypetcenter_315"|"Taste Of The Wild Wetlands Canned Dog Food"
"healthypetcenter_316"|"Taste Of The Wild Wetlands Dry Dog Food"
"hardwarestore_048"|"Taste of the Wild Pacific Stream Canine? Formula; Salmon; 5lb"
"countrymax_003"|"Blue Buffalo Basics Adult Dog Food Turkey & Potato"
"countrymax_012"|"Blue Buffalo Chicken & Brown Rice Dog Food"
"countrymax_013"|"Blue Buffalo Chicken & Brown Rice Puppy Food"
"countrymax_020"|"Blue Buffalo Fish & Sweet Potato Dog Food"
"countrymax_023"|"Blue Buffalo Freedom Small Breed Adult Chicken Recipe Grain-Free Dry Dog Food; 11 lbs"
"countrymax_024"|"Blue Buffalo Healthy Weight Chicken & Brown Rice Dog Food"
"countrymax_025"|"Blue Buffalo Healthy Weight Large Breed Chicken & Rice; 30 Lb."
"countrymax_026"|"Blue Buffalo Lamb and Brown Rice Dog Food"
"countrymax_028"|"Blue Buffalo Large Breed Adult Fish & Oatmeal Dog Food; 30 Lb."
"countrymax_029"|"Blue Buffalo Large Breed Chicken & Brown Rice Dog Food"
"countrymax_036"|"Blue Buffalo Puppy Lamb & Oatmeal Recipe; 6 Lb."
"countrymax_039"|"Blue Buffalo Small Breed Chicken & Brown Rice Dog Food"
"countrymax_041"|"Blue Buffalo Small Breed Puppy Chicken & Oatmeal"
"countrymax_043"|"Blue Buffalo Small Breed Senior Chicken & Brown Rice; 6 Lb."
"countrymax_049"|"Blue Buffalo Wilderness Denali Dinner Dog Food"
"countrymax_052"|"Blue Buffalo Wilderness Duck Dog Food; 24 Lb."
"countrymax_055"|"Blue Buffalo Wilderness Salmon Dog Food"
"countrymax_056"|"Blue Buffalo Wilderness Small Breed Grain-Free Chicken Dry Dog Food"
"countrymax_094"|"Royal Canin Bulldog Puppy Food 30 Pounds"
"countrymax_095"|"Royal Canin Dachshund 28 Dog Food 2.5 Pounds"
"countrymax_098"|"Royal Canin Golden Retriever Puppy Food 30 Pounds"
"countrymax_101"|"Royal Canin Mini Special Dog Food 3.5 Pounds"
"countrymax_108"|"Taste of the Wild Appalachian Valley Small Breed Dog Food"
"countrymax_118"|"Taste of the Wild Southwest Canyon Canine Formula"
"concordpetfoods_002"|"Blue Buffalo Wilderness Grain Free Duck Recipe Dry Dog Food"
"concordpetfoods_003"|"Blue Buffalo Life Protection Large Breed Adult Fish and Oatmeal Recipe Dry Dog Food"
"concordpetfoods_047"|"Blue Buffalo BLUE Life Protection Formula Adult Toy Breed Chicken and Brown Rice Dry Dog Food"
"concordpetfoods_052"|"Royal Canin Size Health Nutrition Small Breed Adult Dry Dog Food"
"concordpetfoods_053"|"Taste Of The Wild Grain Free Appalachian Valley Small Breed Recipe Dry Dog Food"
"concordpetfoods_055"|"Taste Of The Wild Wetlands Canned Dog Food"
"concordpetfoods_056"|"Taste Of The Wild Sierra Mountain Canine Canned Dog Food"
"concordpetfoods_057"|"Taste Of The Wild Pacific Stream Canned Dog Food"
"concordpetfoods_059"|"Taste Of The Wild High Prairie Canned Dog Food"
"concordpetfoods_062"|"Taste Of The Wild Wetlands Canned Dog Food"
"concordpetfoods_065"|"Taste Of The Wild High Prairie Canned Dog Food"
"concordpetfoods_068"|"Taste Of The Wild Wetlands Canned Dog Food"
"concordpetfoods_070"|"Taste Of The Wild Sierra Mountain Canine Canned Dog Food"
"concordpetfoods_071"|"Taste Of The Wild Pacific Stream Canned Dog Food"
"concordpetfoods_072"|"Taste Of The Wild High Prairie Canned Dog Food"
"concordpetfoods_075"|"Blue Buffalo BLUE Freedom Large Breed Adult Beef Recipe Dry Dog Food"
"concordpetfoods_076"|"Blue Buffalo Wilderness Grain Free Denali Dinner with Salmon; Venison and Halibut Dry Dog Food"
"concordpetfoods_081"|"Blue Buffalo BLUE Basics Grain Free Adult Duck and Potato Recipe Dry Dog Food"
"concordpetfoods_088"|"Blue Buffalo Freedom Grain Free Chicken Recipe Puppy Dry Dog Food"
"concordpetfoods_091"|"Blue Buffalo Life Protection Puppy Lamb and Oatmeal Recipe Dry Dog Food"
"concordpetfoods_093"|"Blue Buffalo Life Protection Small Breed Adult Fish and Brown Rice Recipe Dry Dog Food"
"concordpetfoods_095"|"Blue Buffalo Life Protection Small Breed Senior Chicken and Brown Rice Recipe Dry Dog Food"
"concordpetfoods_098"|"Blue Buffalo Wilderness Grain Free Large Breed Chicken Dry Dog Food"
"concordpetfoods_099"|"Blue Buffalo BLUE Wilderness Rocky Mountain Recipe Small Breed Red Meat Dry Dog Food"
"concordpetfoods_116"|"Blue Buffalo Life Protection Large Breed Puppy Chicken and Brown Rice Recipe Dry Dog Food"
"concordpetfoods_121"|"Blue Buffalo Life Protection Large Breed Senior Chicken and Brown Rice Recipe Dry Dog Food"
"concordpetfoods_127"|"Natural Balance L.I.D. Limited Ingredient Diets Potato and Duck Small Breed Bites Dry Dog Food"
"concordpetfoods_132"|"Natural Balance L.I.D. Limited Ingredients Diet Lamb Meal and Brown Rice Large Breed Bites Dry Dog Food"
"concordpetfoods_137"|"Natural Balance Limited Ingredient Diets High Protein Beef Dry Dog Food"
"concordpetfoods_146"|"Natural Balance L.I.D. Limited Ingredient Diets Adult Maintenance Sweet Potato and Fish Small Breed Bites Dry Dog Food"
"concordpetfoods_152"|"Royal Canin Shih Tzu Puppy Dry Dog Food"
"concordpetfoods_156"|"Royal Canin Golden Retriever Puppy Dry Dog Food"
"concordpetfoods_158"|"Royal Canin Small Breed Special Dry Dog Food"
"cheshirepetsupplies_005"|"Hills Science Plan Canine Advanced Fitness Adult Large Breed Chicken 12kg - Special Offer"
"cheshirepetsupplies_008"|"Hills Science Plan Canine Advanced Fitness Adult Mini Chicken 2.5kg"
"cheshirepetsupplies_011"|"Hills Science Plan Canine Advanced Fitness Adult Tuna & Rice 12kg"
"cheshirepetsupplies_012"|"Hills Science Plan Canine Advanced Fitness Adult Tuna & Rice 3kg"
"cheshirepetsupplies_028"|"Royal Canin Beagle Adult 12kg"
"cheshirepetsupplies_049"|"Royal Canin German Shepherd Adult 12kg"
"cheshirepetsupplies_056"|"Royal Canin Great Dane Adult 12kg"
"cheshirepetsupplies_060"|"Royal Canin Labrador Retriever Adult 12kg"
"cheshirepetsupplies_064"|"Royal Canin Maxi Adult 4kg"
"cheshirepetsupplies_075"|"Royal Canin Medium Dermacomfort 10kg"
"cheshirepetsupplies_082"|"Royal Canin Mini Adult 4kg"
"cheshirepetsupplies_085"|"Royal Canin Mini Dermacomfort Adult 2kg"
"cheshirepetsupplies_090"|"Royal Canin Miniature Schnauzer Adult 3kg"
"cheshirepetsupplies_096"|"Royal Canin Rottweiler Adult 12kg"
"cheshirepetsupplies_111"|"Royal Canin West Highland Terrier Adult 3kg"
"cheshirepetsupplies_112"|"Royal Canin X-Small Adult 1.5kg"
"cheshirepetsupplies_114"|"Royal Canin Yorkshire Terrier Adult 1.5kg"
"cheshirepetsupplies_115"|"Royal Canin Yorkshire Terrier Adult 7.5kg"
"bigdogworld_001"|"Royal Canin German Shepherd Adult 12Kg"
"bigdogworld_002"|"Royal Canin German Shepherd Junior 12Kg"
"bigdogworld_007"|"Royal Canin Golden Retriever Junior 12Kg"
"bigdogworld_008"|"Royal Canin Great Dane Adult 12Kg"
"bigdogworld_009"|"Royal Canin Labrador Retriever Adult 12Kg"
"bigdogworld_010"|"Royal Canin Labrador retriever junior 12Kg"
"bigdogworld_017"|"Royal Canin Maxi Puppy 15Kg"
"bigdogworld_020"|"Taste of the Wild High Prairie Venison 13Kg"
"bibita_018"|"Royal Canin Maxi Light Weight Care"
"bibita_020"|"Royal Canin Rottweiler Junior"
"bibita_021"|"Hill's Prescription Diet Canine w/d Digestive/Weight/Diabetes Management"
"bibita_022"|"Hill's Prescription Diet Canine w/d Digestive/Weight/Diabetes Management"
"bibita_029"|"Royal Canin Labrador Retriever Junior"
"bibita_032"|"Royal Canin German Shepherd Junior"
"bibita_034"|"Royal Canin Golden Retriever Junior"
"bibita_036"|"Royal Canin Maxi Puppy"
"bibita_041"|"Royal Canin German Shepherd Adult"
"bibita_045"|"Royal Canin Rottweiler Adult"
"bibita_050"|"Royal Canin Great Dane Adult"
"bibita_051"|"Royal Canin Medium Adult 7+"
"bibita_053"|"Royal Canin Beagle Adult"
"bibita_056"|"Royal Canin Medium Light Weight Care"
"bibita_068"|"Hill's Science Plan Adult 1-6 Advanced Fitness Medium with Tuna & Rice"
"bibita_070"|"Hill's Science Plan Dry Dog Food Multibuys"
"bibita_084"|"Royal Canin Mini Sterilised"
"bibita_091"|"Royal Canin Veterinary Diet - Sensitivity Control SC 21"
"bibita_095"|"Royal Canin Veterinary Diet - Mobility C2P+"
"bibita_111"|"Hill's Science Plan Adult 1-5 Advanced Fitness Large Breed with Chicken"
"bibita_115"|"Hill's Prescription Diet Canine i/d Digestive Care"
"bibita_125"|"Hill's Ideal Balance Canine Adult No Grain - Chicken & Potato"
"bibita_142"|"Hill's Science Plan Puppy Healthy Development Mini - Chicken"
"bibita_145"|"Taste of the Wild Pacific Stream Canine Adult"
"bibita_155"|"Hill's Science Plan Adult 1-6 Advanced Fitness Mini with Chicken"
"bibita_156"|"Taste of the Wild Sierra Mountain Adult"
"bibita_163"|"Royal Canin Pug Junior"
"bibita_165"|"Royal Canin X-Small Adult"
"bibita_180"|"Hill's Ideal Balance Dry Dog Food Multibuys"
"bibita_192"|"Royal Canin Veterinary Diet - Satiety Support SAT 30"
"bibita_195"|"Hill's Prescription Diet Canine i/d Digestive Care"
"bibita_197"|"Hill's Prescription Diet Canine r/d Weight Reduction"
"bibita_200"|"Hill's Ideal Balance Canine Adult No Grain - Chicken & Potato"
"bibita_208"|"Hill's Science Plan Adult 1-5 Advanced Fitness Large Breed with Chicken"
"bibita_210"|"Royal Canin Miniature Schnauzer Adult"
"bibita_215"|"Hill's Science Plan Puppy Healthy Development Mini - Chicken"
"bibita_220"|"Royal Canin Mini Adult"
"bibita_222"|"Taste of the Wild Southwest Canyon Adult"
"bibita_226"|"Taste of the Wild Wetlands Canine Adult"
"bibita_228"|"Royal Canin X-Small Adult"
"bibita_233"|"Royal Canin Veterinary Diet - Sensitivity Control SC 21"
"bibita_258"|"Royal Canin Maxi Light Weight Care"
"bibita_261"|"Hill's Prescription Diet Canine w/d Digestive/Weight/Diabetes Management"
"bibita_269"|"Royal Canin Labrador Retriever Junior"
"bibita_278"|"Royal Canin Yorkshire Terrier Adult"
"bibita_281"|"Royal Canin German Shepherd Adult"
"bibita_285"|"Royal Canin Rottweiler Adult"
"bibita_291"|"Royal Canin Medium Adult 7+"
"bibita_293"|"Royal Canin Beagle Adult"
"bibita_309"|"Royal Canin Medium Dermacomfort"
"bibita_315"|"Hill's Science Plan Puppy Healthy Development Medium - Chicken"
"bibita_324"|"Royal Canin Mini Sterilised"
"bibita_328"|"Royal Canin Poodle Adult"
"bibita_331"|"Royal Canin Veterinary Diet - Sensitivity Control SC 21"
"bibita_335"|"Royal Canin Veterinary Diet - Mobility C2P+"
"bibita_343"|"Taste of the Wild Pine Forest Adult"
"bibita_348"|"Royal Canin Veterinary Diet - Satiety Support SAT 30"
"bibita_351"|"Hill's Science Plan Adult 1-5 Advanced Fitness Large Breed with Chicken"
"bibita_355"|"Hill's Prescription Diet Canine i/d Digestive Care"
"bibita_364"|"Royal Canin Mini Dermacomfort"
"bibita_365"|"Hill's Ideal Balance Canine Adult No Grain - Chicken & Potato"
"bibita_377"|"Royal Canin Dachshund Adult"
"bibita_380"|"Royal Canin West Highland White Terrier Adult"
"bibita_381"|"Royal Canin X-Small Puppy"
"bibita_382"|"Hill's Science Plan Puppy Healthy Development Mini - Chicken"
"bibita_386"|"Taste of the Wild Wetlands Canine Adult"
"bibita_396"|"Taste of the Wild Sierra Mountain Adult"
"bibita_403"|"Royal Canin Pug Junior"
"bibita_405"|"Royal Canin X-Small Adult"
"petsupplies_002"|"Natural Balance LID Fish Small Breed Dry Dog Food "
"petsupplies_034"|"Blue Buffalo Life Protect Senior Dry Dog Food 30lb"
"petsupplies_050"|"Blue Buffalo Life Protect Sm Breed Dog Food 6lb"
"petsupplies_105"|"Blue Wilderness Dog Food 12pk Turkey/Chicken"
"petsupplies_134"|"Blue Buffalo Wilderness Duck Dry Dog Food 24lb"
"petfood_012"|"Blue Buffalo Life Protect Sm Breed Dog Food 6lb"
"petfood_020"|"Blue Freedom Grain Free Small Breed Dry Dog Food P00204"
"petfood_022"|"Blue Life Protection Small Breed Weight Dog Food P00205"
"petfood_023"|"Blue Wilderness Dog Food 12pk Turkey/Chicken"
"petfood_030"|"Natural Balance LID Fish Small Breed Dry Dog Food "
"petfood_059"|"Blue Buffalo Life Protect Senior Dry Dog Food 30lb"
"dog_016"|"Blue Buffalo Life Protect Sm Breed Dog Food 6lb"
"dog_030"|"Natural Balance LID Fish Small Breed Dry Dog Food "
"dog_077"|"Blue Freedom Grain Free Small Breed Dry Dog Food P00204"
"dog_078"|"Blue Life Protection Small Breed Weight Dog Food P00205"
"dog_087"|"Blue Wilderness Dog Food 12pk Turkey/Chicken"
"miscota_016"|"Royal Canin Puppy Medium"
"miscota_028"|"Royal Canin Yorkshire Terrier Adult"
"miscota_030"|"Royal Canin Yorkshire Terrier Adult"
"miscota_044"|"Taste of the Wild Southwest Canyon Canine Formula with Wild Boar"
"miscota_045"|"Taste of the Wild Southwest Canyon Canine Formula with Wild Boar"
"miscota_063"|"Royal Canin German Shepherd Adult para Pastor Alem??n"
"miscota_075"|"Royal Canin X-Small Adult"
"miscota_102"|"Royal Canin Mini Junior"
"miscota_103"|"Royal Canin Mini Junior"
"miscota_104"|"Royal Canin Mini Junior"
"miscota_116"|"Royal Canin Beagle Adult"
"miscota_131"|"Hill's Puppy Healthy Development??? Medium Chicken"
"miscota_139"|"Hill's Adult Advanced Fitness Medium Tuna and Rice"
"miscota_142"|"Hill's Adult Advanced Fitness Mini Chicken"
"miscota_147"|"Royal Canin Mini Dermacomfort"
"miscota_149"|"Royal Canin Mini Dermacomfort"
"miscota_196"|"Royal Canin Pug Junior"
"miscota_206"|"Royal Canin Great Dane Adult"
"miscota_235"|"Royal Canin Poodle Adult"
"miscota_268"|"Royal Canin West Highland Terrier Adult"
"miscota_295"|"Royal Canin Mini Adult"
"miscota_335"|"Royal Canin Sensitivity Canine"
"miscota_339"|"Royal Canin Medium Adult +7"
"miscota_343"|"Royal Canin Miniature Schnauzer Adult"
"miscota_361"|"Hill's Ideal Balance?? No Grain Canine Adult"
"healthypetcenter_303"|"Taste Of The Wild Grain Free Appalachian Valley Small Breed Recipe Dry Dog Food"
"healthypetcenter_306"|"Taste Of The Wild High Prairie Canned Dog Food"
"hardwarestore_050"|"Taste of the Wild Sierra Mountain Canine? Formula; Lamb; 5lbs"
"countrymax_032"|"Blue Buffalo Large Breed Senior Chicken & Brown Rice Dog Food; 15 Lb."
"countrymax_033"|"Blue Buffalo Life Protection Formula Chicken & Brown Rice Toy Breed Adult Dry Dog Food; 4 lbs"
"countrymax_104"|"Royal Canin Shih Tzu Puppy Food 2.5 Pounds"
"countrymax_117"|"Taste of the Wild Sierra Mountain Dog Food"
"concordpetfoods_060"|"Taste Of The Wild Grain Free Appalachian Valley Small Breed Recipe Dry Dog Food"
"concordpetfoods_063"|"Taste Of The Wild Sierra Mountain Canine Canned Dog Food"
"concordpetfoods_066"|"Taste Of The Wild Grain Free Appalachian Valley Small Breed Recipe Dry Dog Food"
"cheshirepetsupplies_046"|"Royal Canin Dog Adult Mini +10 Months (1-10kg) 8kg"
"cheshirepetsupplies_061"|"Royal Canin Labrador Retriever Adult 3kg"
"cheshirepetsupplies_089"|"Royal Canin Mini Junior 2kg"
"cheshirepetsupplies_113"|"Royal Canin Xtra Small Adult 1.5kg"
"bigdogworld_024"|"Taste of the Wild Sierra Mountain Roast Lamb 13Kg"
"bigdogworld_029"|"Taste of the Wild Wetlands Wild Fowl 13Kg"
"bibita_028"|"Royal Canin Labrador Retriever Adult"
"bibita_075"|"Hill's Science Plan Puppy Healthy Development Medium - Chicken"
"bibita_088"|"Royal Canin Poodle Adult"
"bibita_103"|"Taste of the Wild Pine Forest Adult"
"bibita_136"|"Royal Canin Pug Adult"
"bibita_146"|"Taste of the Wild Wetlands Canine Adult"
"bibita_151"|"Taste of the Wild Southwest Canyon Adult"
"bibita_198"|"Taste of the Wild High Prairie Canine Adult"
"bibita_232"|"Royal Canin Veterinary Diet Dry Dog Food Multibuys"
"bibita_268"|"Royal Canin Labrador Retriever Adult"
"bibita_308"|"Hill's Science Plan Adult 1-6 Advanced Fitness Medium with Tuna & Rice"
"bibita_356"|"Taste of the Wild High Prairie Canine Adult"
"bibita_375"|"Royal Canin Miniature Schnauzer Adult"
"bibita_376"|"Royal Canin Pug Adult"
"bibita_390"|"Royal Canin Mini Adult"
"bibita_391"|"Taste of the Wild Southwest Canyon Adult"
"petsupplies_096"|"Blue Life Protection Small Breed Weight Dog Food P00205"
"petsupplies_127"|"Blue Buffalo Lg Breed Senior Dry Dog Food 30lb"
"petfood_103"|"Natural Balance LID Lg Breed Dry Dog Food 14lb"
"miscota_014"|"Royal Canin Puppy Medium"
"miscota_234"|"Royal Canin Poodle Adult"
"miscota_296"|"Royal Canin Mini Adult"
"miscota_327"|"Taste of the Wild Pacific Stream Canine Formula with Smoked Salmon"
"miscota_331"|"Taste of the Wild Sierra Mountain Canine Formula with Roasted Lamb"
"roguevalleypet_003"|"Blue Buffalo Basics Grain Free Adult Duck and Potato Recipe Dry Dog Food"
"roguevalleypet_060"|"Blue Buffalo Wilderness Grain Free Large Breed Chicken Dry Dog Food"
"roguevalleypet_178"|"Taste Of The Wild Pacific Stream Smoked Salmon Puppy Dry Food"
"mypetwarehouse_181"|"TASTE OF THE WILD PINE FOREST GRAIN FREE VENISON 2KG"
"megapet_054"|"Royal Canin Golden Retriever Junior Dog 12kg Dry Dog Food"
"bibita_120"|"Hill's Prescription Diet Canine r/d Weight Reduction"
"mypetwarehouse_166"|"TASTE OF THE WILD HIGH PRAIRIE GRAIN FREE CANINE 13KG"
"mypetwarehouse_072"|"ROYAL CANIN DOG WEST HIGHLAND TERRIER 3KG"
"mypetwarehouse_075"|"ROYAL CANIN GERMAN SHEPHERD DOG FOOD 12KG"
"mypetwarehouse_077"|"ROYAL CANIN GERMAN SHEPHERD JUNIOR 12KG"
"mypetwarehouse_083"|"ROYAL CANIN GOLDEN RETRIEVER JUNIOR PUPPY FOOD 12KG"
"mypetwarehouse_087"|"ROYAL CANIN BEAGLE DOG FOOD 12KG"
"mypetwarehouse_089"|"ROYAL CANIN LABRADOR JUNIOR PUPPY FOOD 12KG"
"mypetwarehouse_095"|"ROYAL CANIN MAXI ADULT DOG FOOD 4KG"
"mypetwarehouse_104"|"ROYAL CANIN MEDIUM ADULT 7+ 15KG"
"mypetwarehouse_111"|"ROYAL CANIN MEDIUM JUNIOR 4 KG"
"mypetwarehouse_113"|"ROYAL CANIN MEDIUM JUNIOR PUPPY FOOD 15KG"
"mypetwarehouse_114"|"ROYAL CANIN MEDIUM LIGHT WEIGHT CARE 13KG"
"mypetwarehouse_118"|"ROYAL CANIN MINI ADULT DOG FOOD 8KG"
"mypetwarehouse_129"|"ROYAL CANIN MINIATURE SCHNAUZER DOG FOOD 3KG"
"mypetwarehouse_130"|"ROYAL CANIN POODLE 7.5 KG"
"mypetwarehouse_135"|"ROYAL CANIN PUG BREED JUNIOR PUPPY DRY DOG FOOD 1.5KG"
"mypetwarehouse_138"|"ROYAL CANIN ROTTWEILER DOG FOOD 12KG"
"mypetwarehouse_159"|"ROYAL CANIN DOG MINI JUNIOR PUPPY FOOD 2KG"
"mypetwarehouse_173"|"TASTE OF THE WILD PACIFIC STREAM CANINE 374GX12"
"mypetwarehouse_175"|"TASTE OF THE WILD PACIFIC STREAM GRAIN FREE CANINE 2KG"
"mypetwarehouse_180"|"TASTE OF THE WILD PINE FOREST GRAIN FREE VENISON 13KG"
"mypetwarehouse_185"|"TASTE OF THE WILD SIERRA MOUNTAIN CANINE 374GX12"
"mypetwarehouse_187"|"TASTE OF THE WILD SIERRA MOUNTAIN GRAIN FREE CANINE 2KG"
"mypetwarehouse_188"|"TASTE OF THE WILD SIERRA MOUNTAIN GRAIN FREE CANINE 6KG"
"mypetwarehouse_189"|"TASTE OF THE WILD SOUTHWEST CANYON GRAIN FREE CANINE 13KG"
"mypetwarehouse_194"|"TASTE OF THE WILD HIGH PRAIRIE CANINE 374GX12"
"mypetwarehouse_196"|"TASTE OF THE WILD WETLANDS GRAIN FREE CANINE 2KG"
"megapet_051"|"Royal Canin German Shepherd Adult Dog 12kg Dry Dog Food"
"megapet_052"|"Royal Canin German Shepherd Junior Dog 12kg Dry Dog Food"
"megapet_057"|"Royal Canin Labrador Retriever Adult Dog 12kg Dry Dog Food"
"megapet_058"|"Royal Canin Labrador Retriever Adult Dog 3kg Dry Dog Food"
"megapet_059"|"Royal Canin Labrador Retriever Junior Dog 12kg Dry Dog Food"
"megapet_074"|"Royal Canin Medium Dogs Light Weight Care 13kg Dry Dog Food"
"healthypetcenter_150"|"Blue Buffalo Wilderness Grain Free Denali Dinner with Salmon; Venison and Halibut Dry Dog Food"
"countrymax_037"|"Blue Buffalo Senior Chicken & Brown Rice Dog Food"
"bibita_234"|"Royal Canin Veterinary Diet - Mobility C2P+"
"bibita_262"|"Hill's Prescription Diet Canine w/d Digestive/Weight/Diabetes Management"
"bibita_290"|"Royal Canin Great Dane Adult"
"bibita_296"|"Royal Canin Medium Light Weight Care"
"bibita_360"|"Hill's Prescription Diet Canine r/d Weight Reduction"
"petsupplies_020"|"Natural Balance LID Lg Breed Dry Dog Food 14lb"
"mypetwarehouse_071"|"ROYAL CANIN BEAGLE DOG FOOD 12KG"
"mypetwarehouse_088"|"ROYAL CANIN LABRADOR DOG FOOD 3KG"
"mypetwarehouse_107"|"ROYAL CANIN MEDIUM DERMACOMFORT DOG FOOD 10KG"
"mypetwarehouse_124"|"ROYAL CANIN MINI LIGHT WEIGHT CARE 2KG"
"mypetwarehouse_179"|"TASTE OF THE WILD PACIFIC STREAM GRAIN FREE PUPPY 6KG"
"mypetwarehouse_186"|"TASTE OF THE WILD SIERRA MOUNTAIN GRAIN FREE CANINE 13KG"
"mypetwarehouse_190"|"TASTE OF THE WILD SOUTHWEST CANYON GRAIN FREE CANINE 2KG"
"mypetwarehouse_191"|"TASTE OF THE WILD SOUTHWEST CANYON GRAIN FREE CANINE 6KG"
"mypetwarehouse_193"|"TASTE OF THE WILD WETLANDS CANINE 374GX12"
"mypetwarehouse_195"|"TASTE OF THE WILD WETLANDS GRAIN FREE CANINE 13KG"
"bigdogworld_026"|"Taste of the Wild Southwest Canyon 13Kg"
"bibita_108"|"Royal Canin Veterinary Diet - Satiety Support SAT 30"
"bibita_144"|"Royal Canin Mini Light Weight Care"
