"Comparison_1"|"Comparison_1_Title"|"Comparison_2"|"Comparison_2_Title"|"Label"
"petsense_001"|"Taste Of The Wild High Prairie Dry Dog Food"|"petsense_046"|"Taste Of The Wild Pacific Stream Smoked Salmon Puppy Dry Food"|"FALSE"
"petsense_030"|"Blue Buffalo Life Protection Adult Chicken and Brown Rice Recipe Dry Dog Food"|"roguevalleypet_072"|"Blue Buffalo Wilderness Rocky Mountain Recipe Small Breed Red Meat Dry Dog Food"|"FALSE"
"petsense_068"|"Taste Of The Wild Grain Free Southwest Canyon with Wild Boar Dry Dog Food"|"roguevalleypet_176"|"Taste Of The Wild High Prairie Roasted Bison and Venison Puppy Dry Food"|"FALSE"
"petsense_078"|"Royal Canin Jack Russell Terrier Puppy Recipe Dry Dog Food"|"roguevalleypet_020"|"Blue Buffalo Freedom Grain Free Chicken Recipe Puppy Dry Dog Food"|"FALSE"
"megapet_105"|"Taste of the Wild Grain Free Canine Sierra Mountain 2kg Dry Dog Food"|"mypetwarehouse_187"|"TASTE OF THE WILD SIERRA MOUNTAIN GRAIN FREE CANINE 2KG"|"TRUE"
"megapet_105"|"Taste of the Wild Grain Free Canine Sierra Mountain 2kg Dry Dog Food"|"bibita_156"|"Taste of the Wild Sierra Mountain Adult"|"TRUE"
"megapet_104"|"Taste of the Wild Grain Free Canine Sierra Mountain 13kg Dry Dog Food"|"mypetwarehouse_186"|"TASTE OF THE WILD SIERRA MOUNTAIN GRAIN FREE CANINE 13KG"|"TRUE"
"megapet_104"|"Taste of the Wild Grain Free Canine Sierra Mountain 13kg Dry Dog Food"|"bibita_224"|"Taste of the Wild Sierra Mountain Adult"|"TRUE"
"bibita_118"|"Taste of the Wild Pacific Stream Puppy"|"mypetwarehouse_179"|"TASTE OF THE WILD PACIFIC STREAM GRAIN FREE PUPPY 6KG"|"TRUE"
"bibita_396"|"Taste of the Wild Sierra Mountain Adult"|"mypetwarehouse_188"|"TASTE OF THE WILD SIERRA MOUNTAIN GRAIN FREE CANINE 6KG"|"TRUE"
"bigdogworld_024"|"Taste of the Wild Sierra Mountain Roast Lamb 13Kg"|"miscota_332"|"Taste of the Wild Sierra Mountain Canine Formula with Roasted Lamb"|"TRUE"
"mypetwarehouse_195"|"TASTE OF THE WILD WETLANDS GRAIN FREE CANINE 13KG"|"megapet_105"|"Taste of the Wild Grain Free Canine Sierra Mountain 2kg Dry Dog Food"|"TRUE"
"mypetwarehouse_195"|"TASTE OF THE WILD WETLANDS GRAIN FREE CANINE 13KG"|"bigdogworld_029"|"Taste of the Wild Wetlands Wild Fowl 13Kg"|"TRUE"
"mypetwarehouse_196"|"TASTE OF THE WILD WETLANDS GRAIN FREE CANINE 2KG"|"megapet_110"|"Taste of the Wild Grain Free Canine Wetlands 2kg Dry Dog Food"|"TRUE"
"bibita_144"|"Royal Canin Mini Light Weight Care"|"mypetwarehouse_124"|"ROYAL CANIN MINI LIGHT WEIGHT CARE 2KG"|"TRUE"
"mypetwarehouse_118"|"ROYAL CANIN MINI ADULT DOG FOOD 8KG"|"megapet_080"|"Royal Canin Mini Adult Dog 8kg Dry Dog Food"|"TRUE"
"mypetwarehouse_118"|"ROYAL CANIN MINI ADULT DOG FOOD 8KG"|"miscota_296"|"Royal Canin Mini Adult"|"TRUE"
"mypetwarehouse_190"|"TASTE OF THE WILD SOUTHWEST CANYON GRAIN FREE CANINE 2KG"|"megapet_108"|"Taste of the Wild Grain Free Canine Southwest Canyon 2kg Dry Dog Food"|"TRUE"
"megapet_107"|"Taste of the Wild Grain Free Canine Southwest Canyon 13kg Dry Dog Food"|"bigdogworld_026"|"Taste of the Wild Southwest Canyon 13Kg"|"TRUE"
"megapet_107"|"Taste of the Wild Grain Free Canine Southwest Canyon 13kg Dry Dog Food"|"mypetwarehouse_189"|"TASTE OF THE WILD SOUTHWEST CANYON GRAIN FREE CANINE 13KG"|"TRUE"
"megapet_088"|"Royal Canin Pug Adult Dog 3kg Dry Dog Food"|"mypetwarehouse_164"|"ROYAL CANIN DOG PUG DOG FOOD 3KG"|"TRUE"
"megapet_088"|"Royal Canin Pug Adult Dog 3kg Dry Dog Food"|"bibita_136"|"Royal Canin Pug Adult"|"TRUE"
"cheshirepetsupplies_028"|"Royal Canin Beagle Adult 12kg"|"mypetwarehouse_087"|"ROYAL CANIN BEAGLE DOG FOOD 12KG"|"TRUE"
"mypetwarehouse_088"|"ROYAL CANIN LABRADOR DOG FOOD 3KG"|"megapet_058"|"Royal Canin Labrador Retriever Adult Dog 3kg Dry Dog Food"|"TRUE"
"mypetwarehouse_088"|"ROYAL CANIN LABRADOR DOG FOOD 3KG"|"cheshirepetsupplies_061"|"Royal Canin Labrador Retriever Adult 3kg"|"TRUE"
"mypetwarehouse_088"|"ROYAL CANIN LABRADOR DOG FOOD 3KG"|"miscota_164"|"Royal Canin Labrador Retriever Adult"|"TRUE"
"mypetwarehouse_175"|"TASTE OF THE WILD PACIFIC STREAM GRAIN FREE CANINE 2KG"|"megapet_101"|"Taste of the Wild Grain Free Canine Pacific Stream 2kg Dry Dog Food"|"TRUE"
"megapet_098"|"Taste of the Wild Grain Free Canine High Prairie 13kg Dry Dog Food"|"bigdogworld_020"|"Taste of the Wild High Prairie Venison 13Kg"|"TRUE"
"megapet_098"|"Taste of the Wild Grain Free Canine High Prairie 13kg Dry Dog Food"|"bibita_356"|"Taste of the Wild High Prairie Canine Adult"|"TRUE"
"horseandhound_008"|"Blue Buffalo Life Protection Large Breed Senior Chicken and Brown Rice Recipe Dry Dog Food"|"petnutritioncenter_115"|"Blue Buffalo Life Protection Large Breed Senior Chicken and Brown Rice Recipe Dry Dog Food"|"TRUE"
"horseandhound_008"|"Blue Buffalo Life Protection Large Breed Senior Chicken and Brown Rice Recipe Dry Dog Food"|"petsense_039"|"Blue Buffalo Life Protection Large Breed Senior Chicken and Brown Rice Recipe Dry Dog Food"|"TRUE"
"petfood_076"|"Blue Buffalo Lg Breed Senior Dry Dog Food 30lb"|"dog_131"|"Blue Buffalo Lg Breed Senior Dry Dog Food 30lb"|"TRUE"
"petnutritioncenter_221"|"Taste Of The Wild Grain Free Appalachian Valley Small Breed Recipe Dry Dog Food"|"horseandhound_138"|"Taste Of The Wild Grain Free Appalachian Valley Small Breed Recipe Dry Dog Food"|"TRUE"
"petnutritioncenter_221"|"Taste Of The Wild Grain Free Appalachian Valley Small Breed Recipe Dry Dog Food"|"petsense_079"|"Taste Of The Wild Grain Free Appalachian Valley Small Breed Recipe Dry Dog Food"|"TRUE"
"petnutritioncenter_221"|"Taste Of The Wild Grain Free Appalachian Valley Small Breed Recipe Dry Dog Food"|"roguevalleypet_172"|"Taste Of The Wild Grain Free Appalachian Valley Small Breed Recipe Dry Dog Food"|"TRUE"
"petsupplies_050"|"Blue Buffalo Life Protect Sm Breed Dog Food 6lb"|"petfood_012"|"Blue Buffalo Life Protect Sm Breed Dog Food 6lb"|"TRUE"
"petsupplies_050"|"Blue Buffalo Life Protect Sm Breed Dog Food 6lb"|"dog_016"|"Blue Buffalo Life Protect Sm Breed Dog Food 6lb"|"TRUE"
"petsupplies_050"|"Blue Buffalo Life Protect Sm Breed Dog Food 6lb"|"speckspets_011"|"Blue Buffalo CHKN SM BREED ADULT 6LB"|"TRUE"
"petnutritioncenter_215"|"Royal Canin Shih Tzu Adult Dry Dog Food"|"horseandhound_128"|"Royal Canin Shih Tzu Adult Dry Dog Food"|"TRUE"
"countrymax_103"|"Royal Canin Shih Tzu 24 Dog Food 2.5 Pounds"|"roguevalleypet_163"|"Royal Canin Shih Tzu Adult Dry Dog Food"|"TRUE"
"horseandhound_050"|"Natural Balance Limited Ingredient Diets High Protein Beef Dry Dog Food"|"roguevalleypet_092"|"Natural Balance Limited Ingredient Diets High Protein Beef Dry Dog Food"|"TRUE"
"petsense_021"|"Natural Balance Limited Ingredient Diets High Protein Beef Dry Dog Food"|"healthypetcenter_259"|"Natural Balance Limited Ingredient Diets High Protein Beef Dry Dog Food"|"TRUE"
"petco_002"|"Blue Buffalo Blue Life Protection Formula Senior Chicken & Brown Rice Recipe Dry Dog Food; 30 lbs."|"speckspets_010"|"Blue Buffalo CHKN SENIOR 30LB"|"TRUE"
"dog_115"|"Blue Buffalo Life Protect Senior Dry Dog Food 30lb"|"petfood_059"|"Blue Buffalo Life Protect Senior Dry Dog Food 30lb"|"TRUE"
"petsense_011"|"Natural Balance Limited Ingredients Diet Lamb Meal & Brown Rice Large Breed Dry Dog Food"|"dog_101"|"Natural Balance LID Lg Breed Dry Dog Food 14lb"|"TRUE"
"roguevalleypet_091"|"Natural Balance L.I.D. Limited Ingredients Diet Lamb Meal and Brown Rice Large Breed Bites Dry Dog Food"|"concordpetfoods_132"|"Natural Balance L.I.D. Limited Ingredients Diet Lamb Meal and Brown Rice Large Breed Bites Dry Dog Food"|"TRUE"
"healthypetcenter_098"|"Blue Buffalo Life Protection Adult Chicken and Brown Rice Recipe Dry Dog Food"|"roguevalleypet_026"|"Blue Buffalo Life Protection Adult Chicken and Brown Rice Recipe Dry Dog Food"|"TRUE"
"petnutritioncenter_106"|"Blue Buffalo Life Protection Adult Chicken and Brown Rice Recipe Dry Dog Food"|"countrymax_012"|"Blue Buffalo Chicken & Brown Rice Dog Food"|"TRUE"
"roguevalleypet_043"|"Blue Buffalo Life Protection Small Breed Adult Healthy Weight Chicken and Brown Rice Recipe Dry Dog Food"|"petfood_022"|"Blue Life Protection Small Breed Weight Dog Food P00205"|"TRUE"
"petnutritioncenter_121"|"Blue Buffalo Life Protection Small Breed Adult Healthy Weight Chicken and Brown Rice Recipe Dry Dog Food"|"petsupplies_096"|"Blue Life Protection Small Breed Weight Dog Food P00205"|"TRUE"
"megapet_086"|"Royal Canin Poodle Adult Dog 7.5kg Dry Dog Food"|"cheshirepetsupplies_093"|"Royal Canin Poodle Adult 7.5kg"|"TRUE"
"cheshirepetsupplies_093"|"Royal Canin Poodle Adult 7.5kg"|"mypetwarehouse_130"|"ROYAL CANIN POODLE 7.5 KG"|"TRUE"
"countrymax_115"|"Taste of the Wild Pine Forest Venison & Legume Dog Food"|"healthypetcenter_304"|"Taste Of The Wild Grain Free Pine Forest Recipe Dry Dog Food"|"TRUE"
"petnutritioncenter_222"|"Taste Of The Wild Grain Free Pine Forest Recipe Dry Dog Food"|"roguevalleypet_173"|"Taste Of The Wild Grain Free Pine Forest Recipe Dry Dog Food"|"TRUE"
"hardwarestore_050"|"Taste of the Wild Sierra Mountain Canine? Formula; Lamb; 5lbs"|"horseandhound_145"|"Taste Of The Wild Sierra Mountain Dry Dog Food"|"TRUE"
"speckspets_006"|"Blue Buffalo CHICKEN PUPPY 6LB"|"healthypetcenter_110"|"Blue Buffalo Life Protection Puppy Chicken and Brown Rice Recipe Dry Dog Food"|"TRUE"
"petnutritioncenter_035"|"Blue Buffalo BLUE Life Protection Formula Adult Toy Breed Chicken and Brown Rice Dry Dog Food"|"roguevalleypet_030"|"Blue Buffalo Life Protection Formula Adult Toy Breed Chicken and Brown Rice Dry Dog Food"|"TRUE"
"countrymax_026"|"Blue Buffalo Lamb and Brown Rice Dog Food"|"healthypetcenter_100"|"Blue Buffalo Life Protection Adult Lamb and Brown Rice Recipe Dry Dog Food"|"TRUE"
"horseandhound_004"|"Blue Buffalo Life Protection Adult Lamb and Brown Rice Recipe Dry Dog Food"|"roguevalleypet_028"|"Blue Buffalo Life Protection Adult Lamb and Brown Rice Recipe Dry Dog Food"|"TRUE"
"roguevalleypet_045"|"Blue Buffalo Life Protection Small Breed Puppy Chicken and Oatmeal Recipe Dry Dog Food"|"speckspets_032"|"Blue Buffalo  SM BRD PUP CKN/OAT  6LB"|"TRUE"
"countrymax_041"|"Blue Buffalo Small Breed Puppy Chicken & Oatmeal"|"healthypetcenter_117"|"Blue Buffalo Life Protection Small Breed Puppy Chicken and Oatmeal Recipe Dry Dog Food"|"TRUE"
"petsense_030"|"Blue Buffalo Life Protection Adult Chicken and Brown Rice Recipe Dry Dog Food"|"countrymax_012"|"Blue Buffalo Chicken & Brown Rice Dog Food"|"TRUE"
"speckspets_033"|"Blue Buffalo SM BREED SR 6LB"|"countrymax_043"|"Blue Buffalo Small Breed Senior Chicken & Brown Rice; 6 Lb."|"TRUE"
"roguevalleypet_046"|"Blue Buffalo Life Protection Small Breed Senior Chicken and Brown Rice Recipe Dry Dog Food"|"concordpetfoods_095"|"Blue Buffalo Life Protection Small Breed Senior Chicken and Brown Rice Recipe Dry Dog Food"|"TRUE"
"petco_065"|"Natural Balance L.I.D. Limited Ingredient Diets Sweet Potato & Fish Small Breed Bites Dog Food; 12 lbs."|"petsense_025"|"Natural Balance L.I.D. Limited Ingredient Diets Adult Maintenance Sweet Potato and Fish Small Breed Bites Dry Dog Food"|"TRUE"
"concordpetfoods_146"|"Natural Balance L.I.D. Limited Ingredient Diets Adult Maintenance Sweet Potato and Fish Small Breed Bites Dry Dog Food"|"dog_030"|"Natural Balance LID Fish Small Breed Dry Dog Food "|"TRUE"
"roguevalleypet_033"|"Blue Buffalo Life Protection Large Breed Adult Fish and Oatmeal Recipe Dry Dog Food"|"countrymax_028"|"Blue Buffalo Large Breed Adult Fish & Oatmeal Dog Food; 30 Lb."|"TRUE"
"countrymax_025"|"Blue Buffalo Healthy Weight Large Breed Chicken & Rice; 30 Lb."|"roguevalleypet_034"|"Blue Buffalo Life Protection Large Breed Adult Healthy Weight Chicken and Brown Rice Recipe Dry Dog Food"|"TRUE"
"countrymax_053"|"Blue Buffalo Wilderness Duck Dog Food"|"healthypetcenter_152"|"Blue Buffalo Wilderness Grain Free Duck Recipe Dry Dog Food"|"TRUE"
"petnutritioncenter_223"|"Taste Of The Wild Grain Free Southwest Canyon with Wild Boar Dry Dog Food"|"countrymax_118"|"Taste of the Wild Southwest Canyon Canine Formula"|"TRUE"
"healthypetcenter_310"|"Taste Of The Wild Pacific Stream Dry Dog Food"|"hardwarestore_048"|"Taste of the Wild Pacific Stream Canine? Formula; Salmon; 5lb"|"TRUE"
"healthypetcenter_099"|"Blue Buffalo Life Protection Adult Fish and Brown Rice Recipe Dry Dog Food"|"countrymax_020"|"Blue Buffalo Fish & Sweet Potato Dog Food"|"TRUE"
"petsense_064"|"Royal Canin Shih Tzu Puppy Dry Dog Food"|"roguevalleypet_164"|"Royal Canin Shih Tzu Puppy Dry Dog Food"|"TRUE"
"countrymax_101"|"Royal Canin Mini Special Dog Food 3.5 Pounds"|"concordpetfoods_158"|"Royal Canin Small Breed Special Dry Dog Food"|"TRUE"
"horseandhound_117"|"Royal Canin Small Breed Special Dry Dog Food"|"roguevalleypet_153"|"Royal Canin Mini Special Dry Dog Food"|"TRUE"
"petsense_060"|"Royal Canin Mini Special Dry Dog Food"|"countrymax_101"|"Royal Canin Mini Special Dog Food 3.5 Pounds"|"TRUE"
"countrymax_049"|"Blue Buffalo Wilderness Denali Dinner Dog Food"|"concordpetfoods_076"|"Blue Buffalo Wilderness Grain Free Denali Dinner with Salmon; Venison and Halibut Dry Dog Food"|"TRUE"
"petnutritioncenter_203"|"Royal Canin Indoor Life Small Breed Senior Dry Dog Food"|"horseandhound_091"|"Royal Canin Size Health Nutrition Indoor Life Small Breed Senior Dry Dog Food"|"TRUE"
"petnutritioncenter_110"|"Blue Buffalo Life Protection Healthy Weight Adult Chicken and Brown Rice Recipe Dry Dog Food"|"countrymax_024"|"Blue Buffalo Healthy Weight Chicken & Brown Rice Dog Food"|"TRUE"
"horseandhound_005"|"Blue Buffalo Life Protection Healthy Weight Adult Chicken and Brown Rice Recipe Dry Dog Food"|"roguevalleypet_031"|"Blue Buffalo Life Protection Healthy Weight Adult Chicken and Brown Rice Recipe Dry Dog Food"|"TRUE"
"petnutritioncenter_225"|"Taste Of The Wild High Prairie Dry Dog Food"|"petsense_001"|"Taste Of The Wild High Prairie Dry Dog Food"|"TRUE"
"roguevalleypet_131"|"Royal Canin Golden Retriever Puppy Dry Dog Food"|"horseandhound_089"|"Royal Canin Golden Retriever Puppy Dry Dog Food"|"TRUE"
"countrymax_098"|"Royal Canin Golden Retriever Puppy Food 30 Pounds"|"petnutritioncenter_202"|"Royal Canin Golden Retriever Puppy Dry Dog Food"|"TRUE"
"petco_018"|"Blue Buffalo Blue Freedom Grain-Free Small Breed Adult Chicken Recipe Dry Dog Food; 11 lbs."|"countrymax_023"|"Blue Buffalo Freedom Small Breed Adult Chicken Recipe Grain-Free Dry Dog Food; 11 lbs"|"TRUE"
"petsupplies_095"|"Blue Freedom Grain Free Small Breed Dry Dog Food P00204"|"petfood_020"|"Blue Freedom Grain Free Small Breed Dry Dog Food P00204"|"TRUE"
"petsense_063"|"Royal Canin Bulldog Puppy Dry Dog Food"|"petnutritioncenter_192"|"Royal Canin Bulldog Puppy Dry Dog Food"|"TRUE"
"countrymax_094"|"Royal Canin Bulldog Puppy Food 30 Pounds"|"roguevalleypet_116"|"Royal Canin Bulldog Puppy Dry Dog Food"|"TRUE"
"dog_140"|"Blue Buffalo Basic Turkey/Potato Dry Dog Food 11lb"|"petsupplies_015"|"Blue Buffalo Basic Turkey/Potato Dry Dog Food 11lb"|"TRUE"
"petnutritioncenter_002"|"Blue Buffalo Basics Adult Turkey and Potato Recipe Dry Dog Food"|"countrymax_003"|"Blue Buffalo Basics Adult Dog Food Turkey & Potato"|"TRUE"
"bigdogworld_001"|"Royal Canin German Shepherd Adult 12Kg"|"mypetwarehouse_075"|"ROYAL CANIN GERMAN SHEPHERD DOG FOOD 12KG"|"TRUE"
"miscota_063"|"Royal Canin German Shepherd Adult para Pastor Alem??n"|"megapet_051"|"Royal Canin German Shepherd Adult Dog 12kg Dry Dog Food"|"TRUE"
"speckspets_045"|"Blue Buffalo Wilderness DUCK 24LB"|"countrymax_052"|"Blue Buffalo Wilderness Duck Dog Food; 24 Lb."|"TRUE"
"petfood_063"|"Blue Buffalo Wilderness Duck Dry Dog Food 24lb"|"petsupplies_134"|"Blue Buffalo Wilderness Duck Dry Dog Food 24lb"|"TRUE"
"healthypetcenter_112"|"Blue Buffalo Life Protection Senior Chicken and Brown Rice Recipe Dry Dog Food"|"countrymax_037"|"Blue Buffalo Senior Chicken & Brown Rice Dog Food"|"TRUE"
"horseandhound_012"|"Blue Buffalo Wilderness Grain Free Salmon Recipe Dry Dog Food"|"healthypetcenter_158"|"Blue Buffalo Wilderness Grain Free Salmon Recipe Dry Dog Food"|"TRUE"
"petnutritioncenter_143"|"Blue Buffalo Wilderness Grain Free Salmon Recipe Dry Dog Food"|"countrymax_055"|"Blue Buffalo Wilderness Salmon Dog Food"|"TRUE"
"concordpetfoods_081"|"Blue Buffalo BLUE Basics Grain Free Adult Duck and Potato Recipe Dry Dog Food"|"healthypetcenter_003"|"Blue Buffalo Basics Grain Free Adult Duck and Potato Recipe Dry Dog Food"|"TRUE"
"roguevalleypet_003"|"Blue Buffalo Basics Grain Free Adult Duck and Potato Recipe Dry Dog Food"|"petsense_049"|"Blue Buffalo BLUE Basics Grain Free Adult Duck and Potato Recipe Dry Dog Food"|"TRUE"
"bibita_029"|"Royal Canin Labrador Retriever Junior"|"concordpetfoods_156"|"Royal Canin Golden Retriever Puppy Dry Dog Food"|"FALSE"
"bibita_032"|"Royal Canin German Shepherd Junior"|"megapet_089"|"Royal Canin Pug Junior 1.5kg Dry Dog Food"|"FALSE"
"bibita_050"|"Royal Canin Great Dane Adult"|"horseandhound_128"|"Royal Canin Shih Tzu Adult Dry Dog Food"|"FALSE"
"bibita_051"|"Royal Canin Medium Adult 7+"|"horseandhound_128"|"Royal Canin Shih Tzu Adult Dry Dog Food"|"FALSE"
"bibita_053"|"Royal Canin Beagle Adult"|"cheshirepetsupplies_046"|"Royal Canin Dog Adult Mini +10 Months (1-10kg) 8kg"|"FALSE"
"bibita_056"|"Royal Canin Medium Light Weight Care"|"mypetwarehouse_107"|"ROYAL CANIN MEDIUM DERMACOMFORT DOG FOOD 10KG"|"FALSE"
"bibita_068"|"Hill's Science Plan Adult 1-6 Advanced Fitness Medium with Tuna & Rice"|"bibita_111"|"Hill's Science Plan Adult 1-5 Advanced Fitness Large Breed with Chicken"|"FALSE"
"bibita_069"|"Royal Canin Medium Dermacomfort"|"megapet_070"|"Royal Canin Medium Adult Dog 7+ 15kg Dry Dog Food"|"FALSE"
"bigdogworld_001"|"Royal Canin German Shepherd Adult 12Kg"|"cheshirepetsupplies_111"|"Royal Canin West Highland Terrier Adult 3kg"|"FALSE"
"bigdogworld_002"|"Royal Canin German Shepherd Junior 12Kg"|"mypetwarehouse_113"|"ROYAL CANIN MEDIUM JUNIOR PUPPY FOOD 15KG"|"FALSE"
"bigdogworld_007"|"Royal Canin Golden Retriever Junior 12Kg"|"mypetwarehouse_075"|"ROYAL CANIN GERMAN SHEPHERD DOG FOOD 12KG"|"FALSE"
"bigdogworld_008"|"Royal Canin Great Dane Adult 12Kg"|"cheshirepetsupplies_111"|"Royal Canin West Highland Terrier Adult 3kg"|"FALSE"
"bigdogworld_009"|"Royal Canin Labrador Retriever Adult 12Kg"|"cheshirepetsupplies_111"|"Royal Canin West Highland Terrier Adult 3kg"|"FALSE"
"bigdogworld_010"|"Royal Canin Labrador retriever junior 12Kg"|"mypetwarehouse_075"|"ROYAL CANIN GERMAN SHEPHERD DOG FOOD 12KG"|"FALSE"
"bigdogworld_017"|"Royal Canin Maxi Puppy 15Kg"|"concordpetfoods_152"|"Royal Canin Shih Tzu Puppy Dry Dog Food"|"FALSE"
"bigdogworld_020"|"Taste of the Wild High Prairie Venison 13Kg"|"concordpetfoods_057"|"Taste Of The Wild Pacific Stream Canned Dog Food"|"FALSE"
"bigdogworld_023"|"Taste of the Wild Pine Forest Venison and Legumes 13Kg"|"mypetwarehouse_193"|"TASTE OF THE WILD WETLANDS CANINE 374GX12"|"FALSE"
"bigdogworld_024"|"Taste of the Wild Sierra Mountain Roast Lamb 13Kg"|"concordpetfoods_055"|"Taste Of The Wild Wetlands Canned Dog Food"|"FALSE"
"bigdogworld_026"|"Taste of the Wild Southwest Canyon 13Kg"|"concordpetfoods_056"|"Taste Of The Wild Sierra Mountain Canine Canned Dog Food"|"FALSE"
"bigdogworld_029"|"Taste of the Wild Wetlands Wild Fowl 13Kg"|"concordpetfoods_056"|"Taste Of The Wild Sierra Mountain Canine Canned Dog Food"|"FALSE"
"cheshirepetsupplies_012"|"Hills Science Plan Canine Advanced Fitness Adult Tuna & Rice 3kg"|"miscota_140"|"Hill's Adult Advanced Fitness Medium Tuna and Rice"|"FALSE"
"cheshirepetsupplies_028"|"Royal Canin Beagle Adult 12kg"|"horseandhound_128"|"Royal Canin Shih Tzu Adult Dry Dog Food"|"FALSE"
"cheshirepetsupplies_046"|"Royal Canin Dog Adult Mini +10 Months (1-10kg) 8kg"|"miscota_075"|"Royal Canin X-Small Adult"|"FALSE"
"cheshirepetsupplies_049"|"Royal Canin German Shepherd Adult 12kg"|"cheshirepetsupplies_111"|"Royal Canin West Highland Terrier Adult 3kg"|"FALSE"
"cheshirepetsupplies_056"|"Royal Canin Great Dane Adult 12kg"|"cheshirepetsupplies_111"|"Royal Canin West Highland Terrier Adult 3kg"|"FALSE"
"cheshirepetsupplies_060"|"Royal Canin Labrador Retriever Adult 12kg"|"cheshirepetsupplies_111"|"Royal Canin West Highland Terrier Adult 3kg"|"FALSE"
"cheshirepetsupplies_061"|"Royal Canin Labrador Retriever Adult 3kg"|"countrymax_092"|"Royal Canin Beagle Adult Dry Dog Food"|"FALSE"
"cheshirepetsupplies_064"|"Royal Canin Maxi Adult 4kg"|"horseandhound_128"|"Royal Canin Shih Tzu Adult Dry Dog Food"|"FALSE"
"cheshirepetsupplies_075"|"Royal Canin Medium Dermacomfort 10kg"|"megapet_076"|"Royal Canin Medium Puppy 15kg Dry Dog Food"|"FALSE"
"cheshirepetsupplies_082"|"Royal Canin Mini Adult 4kg"|"countrymax_101"|"Royal Canin Mini Special Dog Food 3.5 Pounds"|"FALSE"
"cheshirepetsupplies_085"|"Royal Canin Mini Dermacomfort Adult 2kg"|"cheshirepetsupplies_111"|"Royal Canin West Highland Terrier Adult 3kg"|"FALSE"
"cheshirepetsupplies_089"|"Royal Canin Mini Junior 2kg"|"countrymax_101"|"Royal Canin Mini Special Dog Food 3.5 Pounds"|"FALSE"
"cheshirepetsupplies_096"|"Royal Canin Rottweiler Adult 12kg"|"healthypetcenter_298"|"Royal Canin Rottweiler Puppy Recipe Dry Dog Food"|"FALSE"
"cheshirepetsupplies_111"|"Royal Canin West Highland Terrier Adult 3kg"|"cheshirepetsupplies_113"|"Royal Canin Xtra Small Adult 1.5kg"|"FALSE"
"cheshirepetsupplies_112"|"Royal Canin X-Small Adult 1.5kg"|"horseandhound_128"|"Royal Canin Shih Tzu Adult Dry Dog Food"|"FALSE"
"cheshirepetsupplies_113"|"Royal Canin Xtra Small Adult 1.5kg"|"countrymax_092"|"Royal Canin Beagle Adult Dry Dog Food"|"FALSE"
"concordpetfoods_052"|"Royal Canin Size Health Nutrition Small Breed Adult Dry Dog Food"|"concordpetfoods_093"|"Blue Buffalo Life Protection Small Breed Adult Fish and Brown Rice Recipe Dry Dog Food"|"FALSE"
"concordpetfoods_053"|"Taste Of The Wild Grain Free Appalachian Valley Small Breed Recipe Dry Dog Food"|"concordpetfoods_088"|"Blue Buffalo Freedom Grain Free Chicken Recipe Puppy Dry Dog Food"|"FALSE"
"concordpetfoods_055"|"Taste Of The Wild Wetlands Canned Dog Food"|"healthypetcenter_308"|"Taste Of The Wild High Prairie Roasted Bison and Venison Puppy Dry Food"|"FALSE"
"concordpetfoods_056"|"Taste Of The Wild Sierra Mountain Canine Canned Dog Food"|"healthypetcenter_311"|"Taste Of The Wild Pacific Stream Smoked Salmon Puppy Dry Food"|"FALSE"
"concordpetfoods_057"|"Taste Of The Wild Pacific Stream Canned Dog Food"|"countrymax_118"|"Taste of the Wild Southwest Canyon Canine Formula"|"FALSE"
"countrymax_003"|"Blue Buffalo Basics Adult Dog Food Turkey & Potato"|"countrymax_013"|"Blue Buffalo Chicken & Brown Rice Puppy Food"|"FALSE"
"countrymax_012"|"Blue Buffalo Chicken & Brown Rice Dog Food"|"speckspets_006"|"Blue Buffalo CHICKEN PUPPY 6LB"|"FALSE"
"countrymax_013"|"Blue Buffalo Chicken & Brown Rice Puppy Food"|"countrymax_036"|"Blue Buffalo Puppy Lamb & Oatmeal Recipe; 6 Lb."|"FALSE"
"countrymax_020"|"Blue Buffalo Fish & Sweet Potato Dog Food"|"dog_016"|"Blue Buffalo Life Protect Sm Breed Dog Food 6lb"|"FALSE"
"countrymax_023"|"Blue Buffalo Freedom Small Breed Adult Chicken Recipe Grain-Free Dry Dog Food; 11 lbs"|"countrymax_028"|"Blue Buffalo Large Breed Adult Fish & Oatmeal Dog Food; 30 Lb."|"FALSE"
"countrymax_024"|"Blue Buffalo Healthy Weight Chicken & Brown Rice Dog Food"|"countrymax_049"|"Blue Buffalo Wilderness Denali Dinner Dog Food"|"FALSE"
"countrymax_025"|"Blue Buffalo Healthy Weight Large Breed Chicken & Rice; 30 Lb."|"countrymax_039"|"Blue Buffalo Small Breed Chicken & Brown Rice Dog Food"|"FALSE"
"countrymax_026"|"Blue Buffalo Lamb and Brown Rice Dog Food"|"countrymax_031"|"Blue Buffalo Large Breed Puppy Chicken & Brown Rice"|"FALSE"
"countrymax_028"|"Blue Buffalo Large Breed Adult Fish & Oatmeal Dog Food; 30 Lb."|"petco_018"|"Blue Buffalo Blue Freedom Grain-Free Small Breed Adult Chicken Recipe Dry Dog Food; 11 lbs."|"FALSE"
"dog_030"|"Natural Balance LID Fish Small Breed Dry Dog Food "|"healthypetcenter_259"|"Natural Balance Limited Ingredient Diets High Protein Beef Dry Dog Food"|"FALSE"
"dog_077"|"Blue Freedom Grain Free Small Breed Dry Dog Food P00204"|"horseandhound_112"|"Royal Canin Size Health Nutrition Small Breed Adult Dry Dog Food"|"FALSE"
"dog_078"|"Blue Life Protection Small Breed Weight Dog Food P00205"|"horseandhound_117"|"Royal Canin Small Breed Special Dry Dog Food"|"FALSE"
"dog_087"|"Blue Wilderness Dog Food 12pk Turkey/Chicken"|"healthypetcenter_156"|"Blue Buffalo Wilderness Grain Free Large Breed Chicken Dry Dog Food"|"FALSE"
"dog_101"|"Natural Balance LID Lg Breed Dry Dog Food 14lb"|"horseandhound_117"|"Royal Canin Small Breed Special Dry Dog Food"|"FALSE"
"dog_105"|"Blue Buffalo Wilderness Duck Dry Dog Food 24lb"|"petfood_012"|"Blue Buffalo Life Protect Sm Breed Dog Food 6lb"|"FALSE"
"dog_115"|"Blue Buffalo Life Protect Senior Dry Dog Food 30lb"|"healthypetcenter_106"|"Blue Buffalo Life Protection Large Breed Adult Healthy Weight Chicken and Brown Rice Recipe Dry Dog Food"|"FALSE"
"dog_131"|"Blue Buffalo Lg Breed Senior Dry Dog Food 30lb"|"healthypetcenter_106"|"Blue Buffalo Life Protection Large Breed Adult Healthy Weight Chicken and Brown Rice Recipe Dry Dog Food"|"FALSE"
"dog_140"|"Blue Buffalo Basic Turkey/Potato Dry Dog Food 11lb"|"petfood_012"|"Blue Buffalo Life Protect Sm Breed Dog Food 6lb"|"FALSE"
"hardwarestore_048"|"Taste of the Wild Pacific Stream Canine? Formula; Salmon; 5lb"|"mypetwarehouse_193"|"TASTE OF THE WILD WETLANDS CANINE 374GX12"|"FALSE"
"hardwarestore_050"|"Taste of the Wild Sierra Mountain Canine? Formula; Lamb; 5lbs"|"mypetwarehouse_193"|"TASTE OF THE WILD WETLANDS CANINE 374GX12"|"FALSE"
"healthypetcenter_003"|"Blue Buffalo Basics Grain Free Adult Duck and Potato Recipe Dry Dog Food"|"healthypetcenter_180"|"Blue Buffalo Wilderness Rocky Mountain Recipe Small Breed Red Meat Dry Dog Food"|"FALSE"
"healthypetcenter_068"|"Blue Buffalo Freedom Grain Free Chicken Recipe Puppy Dry Dog Food"|"healthypetcenter_102"|"Blue Buffalo Life Protection Formula Adult Toy Breed Chicken and Brown Rice Dry Dog Food"|"FALSE"
"healthypetcenter_076"|"Blue Buffalo Freedom Large Breed Adult Beef Recipe Dry Dog Food"|"healthypetcenter_110"|"Blue Buffalo Life Protection Puppy Chicken and Brown Rice Recipe Dry Dog Food"|"FALSE"
"healthypetcenter_098"|"Blue Buffalo Life Protection Adult Chicken and Brown Rice Recipe Dry Dog Food"|"healthypetcenter_180"|"Blue Buffalo Wilderness Rocky Mountain Recipe Small Breed Red Meat Dry Dog Food"|"FALSE"
"healthypetcenter_108"|"Blue Buffalo Life Protection Large Breed Puppy Chicken and Brown Rice Recipe Dry Dog Food"|"petsense_011"|"Natural Balance Limited Ingredients Diet Lamb Meal & Brown Rice Large Breed Dry Dog Food"|"FALSE"
"healthypetcenter_109"|"Blue Buffalo Life Protection Large Breed Senior Chicken and Brown Rice Recipe Dry Dog Food"|"petsense_011"|"Natural Balance Limited Ingredients Diet Lamb Meal & Brown Rice Large Breed Dry Dog Food"|"FALSE"
"healthypetcenter_110"|"Blue Buffalo Life Protection Puppy Chicken and Brown Rice Recipe Dry Dog Food"|"healthypetcenter_180"|"Blue Buffalo Wilderness Rocky Mountain Recipe Small Breed Red Meat Dry Dog Food"|"FALSE"
"healthypetcenter_111"|"Blue Buffalo Life Protection Puppy Lamb and Oatmeal Recipe Dry Dog Food"|"petfood_012"|"Blue Buffalo Life Protect Sm Breed Dog Food 6lb"|"FALSE"
"horseandhound_002"|"Blue Buffalo Life Protection Adult Chicken and Brown Rice Recipe Dry Dog Food"|"petnutritioncenter_046"|"Blue Buffalo BLUE Wilderness Rocky Mountain Recipe Small Breed Red Meat Dry Dog Food"|"FALSE"
"horseandhound_003"|"Blue Buffalo Life Protection Adult Fish and Brown Rice Recipe Dry Dog Food"|"petco_011"|"Blue Buffalo Blue Wilderness Large Breed Adult Chicken Recipe Dry Dog Food; 24 lbs."|"FALSE"
"horseandhound_004"|"Blue Buffalo Life Protection Adult Lamb and Brown Rice Recipe Dry Dog Food"|"petco_011"|"Blue Buffalo Blue Wilderness Large Breed Adult Chicken Recipe Dry Dog Food; 24 lbs."|"FALSE"
"horseandhound_005"|"Blue Buffalo Life Protection Healthy Weight Adult Chicken and Brown Rice Recipe Dry Dog Food"|"petnutritioncenter_141"|"Blue Buffalo Wilderness Grain Free Large Breed Chicken Dry Dog Food"|"FALSE"
"horseandhound_006"|"Blue Buffalo Life Protection Large Breed Adult Chicken and Brown Rice Recipe Dry Dog Food"|"petsense_011"|"Natural Balance Limited Ingredients Diet Lamb Meal & Brown Rice Large Breed Dry Dog Food"|"FALSE"
"horseandhound_007"|"Blue Buffalo Life Protection Large Breed Adult Healthy Weight Chicken and Brown Rice Recipe Dry Dog Food"|"petfood_012"|"Blue Buffalo Life Protect Sm Breed Dog Food 6lb"|"FALSE"
"horseandhound_008"|"Blue Buffalo Life Protection Large Breed Senior Chicken and Brown Rice Recipe Dry Dog Food"|"petsense_011"|"Natural Balance Limited Ingredients Diet Lamb Meal & Brown Rice Large Breed Dry Dog Food"|"FALSE"
"horseandhound_009"|"Blue Buffalo Life Protection Senior Chicken and Brown Rice Recipe Dry Dog Food"|"petco_011"|"Blue Buffalo Blue Wilderness Large Breed Adult Chicken Recipe Dry Dog Food; 24 lbs."|"FALSE"
"horseandhound_010"|"Blue Buffalo Life Protection Small Breed Adult Chicken And Brown Rice Recipe Dry Dog Food"|"horseandhound_112"|"Royal Canin Size Health Nutrition Small Breed Adult Dry Dog Food"|"FALSE"
"horseandhound_011"|"Blue Buffalo Wilderness Grain Free Chicken Recipe Dry Dog Food"|"petco_002"|"Blue Buffalo Blue Life Protection Formula Senior Chicken & Brown Rice Recipe Dry Dog Food; 30 lbs."|"FALSE"
"horseandhound_012"|"Blue Buffalo Wilderness Grain Free Salmon Recipe Dry Dog Food"|"petnutritioncenter_110"|"Blue Buffalo Life Protection Healthy Weight Adult Chicken and Brown Rice Recipe Dry Dog Food"|"FALSE"
"horseandhound_046"|"Natural Balance L.I.D. Limited Ingredient Diets Potato and Duck Small Breed Bites Dry Dog Food"|"petsense_011"|"Natural Balance Limited Ingredients Diet Lamb Meal & Brown Rice Large Breed Dry Dog Food"|"FALSE"
"horseandhound_049"|"Natural Balance L.I.D. Limited Ingredients Diet Lamb Meal and Brown Rice Large Breed Bites Dry Dog Food"|"petnutritioncenter_108"|"Blue Buffalo Life Protection Adult Lamb and Brown Rice Recipe Dry Dog Food"|"FALSE"
"horseandhound_050"|"Natural Balance Limited Ingredient Diets High Protein Beef Dry Dog Food"|"petsense_011"|"Natural Balance Limited Ingredients Diet Lamb Meal & Brown Rice Large Breed Dry Dog Food"|"FALSE"
"horseandhound_065"|"Royal Canin Adult Maltese Dry Dog Food"|"miscota_268"|"Royal Canin West Highland Terrier Adult"|"FALSE"
"horseandhound_067"|"Royal Canin Adult Medium Sensitive Skin Care Dry Dog Food"|"mypetwarehouse_075"|"ROYAL CANIN GERMAN SHEPHERD DOG FOOD 12KG"|"FALSE"
"horseandhound_070"|"Royal Canin Beagle Adult Dry Dog Food"|"miscota_268"|"Royal Canin West Highland Terrier Adult"|"FALSE"
"horseandhound_074"|"Royal Canin Bulldog Puppy Dry Dog Food"|"mypetwarehouse_156"|"ROYAL CANIN DOG MINI DERMACOMFORT 2KG"|"FALSE"
"megapet_051"|"Royal Canin German Shepherd Adult Dog 12kg Dry Dog Food"|"miscota_075"|"Royal Canin X-Small Adult"|"FALSE"
"megapet_052"|"Royal Canin German Shepherd Junior Dog 12kg Dry Dog Food"|"miscota_102"|"Royal Canin Mini Junior"|"FALSE"
"megapet_071"|"Royal Canin Medium Dogs Dermacomfort 10kg Dry Dog Food"|"miscota_014"|"Royal Canin Puppy Medium"|"FALSE"
"megapet_074"|"Royal Canin Medium Dogs Light Weight Care 13kg Dry Dog Food"|"mypetwarehouse_071"|"ROYAL CANIN BEAGLE DOG FOOD 12KG"|"FALSE"
"megapet_076"|"Royal Canin Medium Puppy 15kg Dry Dog Food"|"miscota_339"|"Royal Canin Medium Adult +7"|"FALSE"
"megapet_077"|"Royal Canin Medium Puppy 4kg Dry Dog Food"|"miscota_339"|"Royal Canin Medium Adult +7"|"FALSE"
"megapet_080"|"Royal Canin Mini Adult Dog 8kg Dry Dog Food"|"miscota_028"|"Royal Canin Yorkshire Terrier Adult"|"FALSE"
"megapet_082"|"Royal Canin Mini Puppy 2kg Dry Dog Food"|"miscota_014"|"Royal Canin Puppy Medium"|"FALSE"
"megapet_086"|"Royal Canin Poodle Adult Dog 7.5kg Dry Dog Food"|"miscota_028"|"Royal Canin Yorkshire Terrier Adult"|"FALSE"
"megapet_088"|"Royal Canin Pug Adult Dog 3kg Dry Dog Food"|"miscota_028"|"Royal Canin Yorkshire Terrier Adult"|"FALSE"
"megapet_089"|"Royal Canin Pug Junior 1.5kg Dry Dog Food"|"miscota_102"|"Royal Canin Mini Junior"|"FALSE"
"miscota_009"|"Taste of the Wild High Prairie Canine Formula with Roasted Bison & Roasted Venison"|"mypetwarehouse_173"|"TASTE OF THE WILD PACIFIC STREAM CANINE 374GX12"|"FALSE"
"miscota_014"|"Royal Canin Puppy Medium"|"miscota_075"|"Royal Canin X-Small Adult"|"FALSE"
"miscota_016"|"Royal Canin Puppy Medium"|"miscota_075"|"Royal Canin X-Small Adult"|"FALSE"
"miscota_028"|"Royal Canin Yorkshire Terrier Adult"|"miscota_063"|"Royal Canin German Shepherd Adult para Pastor Alem??n"|"FALSE"
"miscota_030"|"Royal Canin Yorkshire Terrier Adult"|"miscota_063"|"Royal Canin German Shepherd Adult para Pastor Alem??n"|"FALSE"
"miscota_044"|"Taste of the Wild Southwest Canyon Canine Formula with Wild Boar"|"mypetwarehouse_166"|"TASTE OF THE WILD HIGH PRAIRIE GRAIN FREE CANINE 13KG"|"FALSE"
"miscota_045"|"Taste of the Wild Southwest Canyon Canine Formula with Wild Boar"|"mypetwarehouse_166"|"TASTE OF THE WILD HIGH PRAIRIE GRAIN FREE CANINE 13KG"|"FALSE"
"miscota_063"|"Royal Canin German Shepherd Adult para Pastor Alem??n"|"miscota_164"|"Royal Canin Labrador Retriever Adult"|"FALSE"
"miscota_075"|"Royal Canin X-Small Adult"|"miscota_102"|"Royal Canin Mini Junior"|"FALSE"
"miscota_161"|"Royal Canin Maxi Adult"|"miscota_196"|"Royal Canin Pug Junior"|"FALSE"
"miscota_163"|"Royal Canin Maxi Adult"|"miscota_196"|"Royal Canin Pug Junior"|"FALSE"
"miscota_164"|"Royal Canin Labrador Retriever Adult"|"mypetwarehouse_083"|"ROYAL CANIN GOLDEN RETRIEVER JUNIOR PUPPY FOOD 12KG"|"FALSE"
"miscota_165"|"Royal Canin Labrador Retriever Adult"|"mypetwarehouse_083"|"ROYAL CANIN GOLDEN RETRIEVER JUNIOR PUPPY FOOD 12KG"|"FALSE"
"miscota_196"|"Royal Canin Pug Junior"|"miscota_234"|"Royal Canin Poodle Adult"|"FALSE"
"miscota_206"|"Royal Canin Great Dane Adult"|"petnutritioncenter_215"|"Royal Canin Shih Tzu Adult Dry Dog Food"|"FALSE"
"miscota_234"|"Royal Canin Poodle Adult"|"miscota_335"|"Royal Canin Sensitivity Canine"|"FALSE"
"miscota_235"|"Royal Canin Poodle Adult"|"miscota_335"|"Royal Canin Sensitivity Canine"|"FALSE"
"miscota_239"|"Royal Canin Pug Adult"|"miscota_335"|"Royal Canin Sensitivity Canine"|"FALSE"
"miscota_331"|"Taste of the Wild Sierra Mountain Canine Formula with Roasted Lamb"|"mypetwarehouse_166"|"TASTE OF THE WILD HIGH PRAIRIE GRAIN FREE CANINE 13KG"|"FALSE"
"miscota_332"|"Taste of the Wild Sierra Mountain Canine Formula with Roasted Lamb"|"mypetwarehouse_166"|"TASTE OF THE WILD HIGH PRAIRIE GRAIN FREE CANINE 13KG"|"FALSE"
"mypetwarehouse_071"|"ROYAL CANIN BEAGLE DOG FOOD 12KG"|"mypetwarehouse_072"|"ROYAL CANIN DOG WEST HIGHLAND TERRIER 3KG"|"FALSE"
"mypetwarehouse_072"|"ROYAL CANIN DOG WEST HIGHLAND TERRIER 3KG"|"mypetwarehouse_087"|"ROYAL CANIN BEAGLE DOG FOOD 12KG"|"FALSE"
"mypetwarehouse_075"|"ROYAL CANIN GERMAN SHEPHERD DOG FOOD 12KG"|"mypetwarehouse_156"|"ROYAL CANIN DOG MINI DERMACOMFORT 2KG"|"FALSE"
"mypetwarehouse_077"|"ROYAL CANIN GERMAN SHEPHERD JUNIOR 12KG"|"mypetwarehouse_113"|"ROYAL CANIN MEDIUM JUNIOR PUPPY FOOD 15KG"|"FALSE"
"mypetwarehouse_083"|"ROYAL CANIN GOLDEN RETRIEVER JUNIOR PUPPY FOOD 12KG"|"petnutritioncenter_214"|"Royal Canin Rottweiler Puppy Recipe Dry Dog Food"|"FALSE"
"mypetwarehouse_195"|"TASTE OF THE WILD WETLANDS GRAIN FREE CANINE 13KG"|"petnutritioncenter_221"|"Taste Of The Wild Grain Free Appalachian Valley Small Breed Recipe Dry Dog Food"|"FALSE"
"mypetwarehouse_196"|"TASTE OF THE WILD WETLANDS GRAIN FREE CANINE 2KG"|"petnutritioncenter_221"|"Taste Of The Wild Grain Free Appalachian Valley Small Breed Recipe Dry Dog Food"|"FALSE"
"mypetwarehouse_197"|"TASTE OF THE WILD WETLANDS GRAIN FREE CANINE 6KG"|"petnutritioncenter_221"|"Taste Of The Wild Grain Free Appalachian Valley Small Breed Recipe Dry Dog Food"|"FALSE"
"petco_002"|"Blue Buffalo Blue Life Protection Formula Senior Chicken & Brown Rice Recipe Dry Dog Food; 30 lbs."|"petnutritioncenter_133"|"Blue Buffalo Wilderness Grain Free Chicken Recipe Dry Dog Food"|"FALSE"
"petco_011"|"Blue Buffalo Blue Wilderness Large Breed Adult Chicken Recipe Dry Dog Food; 24 lbs."|"petnutritioncenter_015"|"Blue Buffalo BLUE Basics Grain Free Adult Duck and Potato Recipe Dry Dog Food"|"FALSE"
"petco_018"|"Blue Buffalo Blue Freedom Grain-Free Small Breed Adult Chicken Recipe Dry Dog Food; 11 lbs."|"petnutritioncenter_002"|"Blue Buffalo Basics Adult Turkey and Potato Recipe Dry Dog Food"|"FALSE"
"petco_065"|"Natural Balance L.I.D. Limited Ingredient Diets Sweet Potato & Fish Small Breed Bites Dog Food; 12 lbs."|"petsense_010"|"Natural Balance L.I.D. Limited Ingredient Diets Potato and Duck Small Breed Bites Dry Dog Food"|"FALSE"
"petfood_012"|"Blue Buffalo Life Protect Sm Breed Dog Food 6lb"|"petnutritioncenter_113"|"Blue Buffalo Life Protection Large Breed Adult Healthy Weight Chicken and Brown Rice Recipe Dry Dog Food"|"FALSE"
"petfood_020"|"Blue Freedom Grain Free Small Breed Dry Dog Food P00204"|"petnutritioncenter_119"|"Blue Buffalo Life Protection Small Breed Adult Chicken And Brown Rice Recipe Dry Dog Food"|"FALSE"
"petfood_022"|"Blue Life Protection Small Breed Weight Dog Food P00205"|"petnutritioncenter_117"|"Blue Buffalo Life Protection Puppy Lamb and Oatmeal Recipe Dry Dog Food"|"FALSE"
"petfood_023"|"Blue Wilderness Dog Food 12pk Turkey/Chicken"|"petnutritioncenter_141"|"Blue Buffalo Wilderness Grain Free Large Breed Chicken Dry Dog Food"|"FALSE"
"petfood_030"|"Natural Balance LID Fish Small Breed Dry Dog Food "|"petsense_021"|"Natural Balance Limited Ingredient Diets High Protein Beef Dry Dog Food"|"FALSE"
"petfood_059"|"Blue Buffalo Life Protect Senior Dry Dog Food 30lb"|"petnutritioncenter_113"|"Blue Buffalo Life Protection Large Breed Adult Healthy Weight Chicken and Brown Rice Recipe Dry Dog Food"|"FALSE"
"petfood_063"|"Blue Buffalo Wilderness Duck Dry Dog Food 24lb"|"petsupplies_050"|"Blue Buffalo Life Protect Sm Breed Dog Food 6lb"|"FALSE"
"petfood_073"|"Blue Buffalo Basic Turkey/Potato Dry Dog Food 11lb"|"petsupplies_050"|"Blue Buffalo Life Protect Sm Breed Dog Food 6lb"|"FALSE"
"petfood_076"|"Blue Buffalo Lg Breed Senior Dry Dog Food 30lb"|"petnutritioncenter_113"|"Blue Buffalo Life Protection Large Breed Adult Healthy Weight Chicken and Brown Rice Recipe Dry Dog Food"|"FALSE"
"petfood_103"|"Natural Balance LID Lg Breed Dry Dog Food 14lb"|"petsense_010"|"Natural Balance L.I.D. Limited Ingredient Diets Potato and Duck Small Breed Bites Dry Dog Food"|"FALSE"
"petnutritioncenter_002"|"Blue Buffalo Basics Adult Turkey and Potato Recipe Dry Dog Food"|"petnutritioncenter_135"|"Blue Buffalo Wilderness Grain Free Denali Dinner with Salmon; Venison and Halibut Dry Dog Food"|"FALSE"
"petnutritioncenter_015"|"Blue Buffalo BLUE Basics Grain Free Adult Duck and Potato Recipe Dry Dog Food"|"petnutritioncenter_046"|"Blue Buffalo BLUE Wilderness Rocky Mountain Recipe Small Breed Red Meat Dry Dog Food"|"FALSE"
"petnutritioncenter_030"|"Blue Buffalo BLUE Freedom Large Breed Adult Beef Recipe Dry Dog Food"|"petnutritioncenter_116"|"Blue Buffalo Life Protection Puppy Chicken and Brown Rice Recipe Dry Dog Food"|"FALSE"
"petnutritioncenter_035"|"Blue Buffalo BLUE Life Protection Formula Adult Toy Breed Chicken and Brown Rice Dry Dog Food"|"petnutritioncenter_089"|"Blue Buffalo Freedom Grain Free Chicken Recipe Puppy Dry Dog Food"|"FALSE"
"petnutritioncenter_046"|"Blue Buffalo BLUE Wilderness Rocky Mountain Recipe Small Breed Red Meat Dry Dog Food"|"petnutritioncenter_106"|"Blue Buffalo Life Protection Adult Chicken and Brown Rice Recipe Dry Dog Food"|"FALSE"
"petnutritioncenter_089"|"Blue Buffalo Freedom Grain Free Chicken Recipe Puppy Dry Dog Food"|"petnutritioncenter_120"|"Blue Buffalo Life Protection Small Breed Adult Fish and Brown Rice Recipe Dry Dog Food"|"FALSE"
"petnutritioncenter_106"|"Blue Buffalo Life Protection Adult Chicken and Brown Rice Recipe Dry Dog Food"|"roguevalleypet_072"|"Blue Buffalo Wilderness Rocky Mountain Recipe Small Breed Red Meat Dry Dog Food"|"FALSE"
"petnutritioncenter_107"|"Blue Buffalo Life Protection Adult Fish and Brown Rice Recipe Dry Dog Food"|"roguevalleypet_072"|"Blue Buffalo Wilderness Rocky Mountain Recipe Small Breed Red Meat Dry Dog Food"|"FALSE"
"petnutritioncenter_108"|"Blue Buffalo Life Protection Adult Lamb and Brown Rice Recipe Dry Dog Food"|"roguevalleypet_072"|"Blue Buffalo Wilderness Rocky Mountain Recipe Small Breed Red Meat Dry Dog Food"|"FALSE"
"petnutritioncenter_110"|"Blue Buffalo Life Protection Healthy Weight Adult Chicken and Brown Rice Recipe Dry Dog Food"|"petnutritioncenter_141"|"Blue Buffalo Wilderness Grain Free Large Breed Chicken Dry Dog Food"|"FALSE"
"petnutritioncenter_111"|"Blue Buffalo Life Protection Large Breed Adult Chicken and Brown Rice Recipe Dry Dog Food"|"petsense_011"|"Natural Balance Limited Ingredients Diet Lamb Meal & Brown Rice Large Breed Dry Dog Food"|"FALSE"
"petnutritioncenter_112"|"Blue Buffalo Life Protection Large Breed Adult Fish and Oatmeal Recipe Dry Dog Food"|"petnutritioncenter_145"|"Blue Buffalo Wilderness Grain Free Small Breed  Chicken Dry Dog Food"|"FALSE"
"petnutritioncenter_113"|"Blue Buffalo Life Protection Large Breed Adult Healthy Weight Chicken and Brown Rice Recipe Dry Dog Food"|"petsupplies_034"|"Blue Buffalo Life Protect Senior Dry Dog Food 30lb"|"FALSE"
"petnutritioncenter_114"|"Blue Buffalo Life Protection Large Breed Puppy Chicken and Brown Rice Recipe Dry Dog Food"|"petsense_011"|"Natural Balance Limited Ingredients Diet Lamb Meal & Brown Rice Large Breed Dry Dog Food"|"FALSE"
"petnutritioncenter_115"|"Blue Buffalo Life Protection Large Breed Senior Chicken and Brown Rice Recipe Dry Dog Food"|"petsense_011"|"Natural Balance Limited Ingredients Diet Lamb Meal & Brown Rice Large Breed Dry Dog Food"|"FALSE"
"petnutritioncenter_116"|"Blue Buffalo Life Protection Puppy Chicken and Brown Rice Recipe Dry Dog Food"|"roguevalleypet_072"|"Blue Buffalo Wilderness Rocky Mountain Recipe Small Breed Red Meat Dry Dog Food"|"FALSE"
"petnutritioncenter_117"|"Blue Buffalo Life Protection Puppy Lamb and Oatmeal Recipe Dry Dog Food"|"petsupplies_050"|"Blue Buffalo Life Protect Sm Breed Dog Food 6lb"|"FALSE"
"petsense_001"|"Taste Of The Wild High Prairie Dry Dog Food"|"petsense_046"|"Taste Of The Wild Pacific Stream Smoked Salmon Puppy Dry Food"|"FALSE"
"petsense_002"|"Taste Of The Wild Pacific Stream Dry Dog Food"|"petsense_013"|"Taste Of The Wild High Prairie Roasted Bison and Venison Puppy Dry Food"|"FALSE"
"petsense_010"|"Natural Balance L.I.D. Limited Ingredient Diets Potato and Duck Small Breed Bites Dry Dog Food"|"petsense_011"|"Natural Balance Limited Ingredients Diet Lamb Meal & Brown Rice Large Breed Dry Dog Food"|"FALSE"
"petsense_011"|"Natural Balance Limited Ingredients Diet Lamb Meal & Brown Rice Large Breed Dry Dog Food"|"petsense_021"|"Natural Balance Limited Ingredient Diets High Protein Beef Dry Dog Food"|"FALSE"
"petsense_013"|"Taste Of The Wild High Prairie Roasted Bison and Venison Puppy Dry Food"|"petsense_068"|"Taste Of The Wild Grain Free Southwest Canyon with Wild Boar Dry Dog Food"|"FALSE"
"petsense_021"|"Natural Balance Limited Ingredient Diets High Protein Beef Dry Dog Food"|"petsupplies_002"|"Natural Balance LID Fish Small Breed Dry Dog Food "|"FALSE"
"petsense_024"|"Taste Of The Wild Sierra Mountain Dry Dog Food"|"roguevalleypet_176"|"Taste Of The Wild High Prairie Roasted Bison and Venison Puppy Dry Food"|"FALSE"
"petsense_025"|"Natural Balance L.I.D. Limited Ingredient Diets Adult Maintenance Sweet Potato and Fish Small Breed Bites Dry Dog Food"|"petsense_029"|"Blue Buffalo Life Protection Small Breed Adult Fish and Brown Rice Recipe Dry Dog Food"|"FALSE"
"petsense_028"|"Blue Buffalo Wilderness Grain Free Chicken Recipe Dry Dog Food"|"petsense_029"|"Blue Buffalo Life Protection Small Breed Adult Fish and Brown Rice Recipe Dry Dog Food"|"FALSE"
"petsense_029"|"Blue Buffalo Life Protection Small Breed Adult Fish and Brown Rice Recipe Dry Dog Food"|"petsense_044"|"Blue Buffalo Freedom Grain Free Chicken Recipe Puppy Dry Dog Food"|"FALSE"
"petsense_030"|"Blue Buffalo Life Protection Adult Chicken and Brown Rice Recipe Dry Dog Food"|"roguevalleypet_072"|"Blue Buffalo Wilderness Rocky Mountain Recipe Small Breed Red Meat Dry Dog Food"|"FALSE"
"petsense_034"|"Blue Buffalo Wilderness Grain Free Duck Recipe Dry Dog Food"|"petsense_039"|"Blue Buffalo Life Protection Large Breed Senior Chicken and Brown Rice Recipe Dry Dog Food"|"FALSE"
"petsense_035"|"Taste Of The Wild Grain Free Pine Forest Recipe Dry Dog Food"|"petsense_049"|"Blue Buffalo BLUE Basics Grain Free Adult Duck and Potato Recipe Dry Dog Food"|"FALSE"
"petsense_036"|"Blue Buffalo Life Protection Small Breed Puppy Chicken and Oatmeal Recipe Dry Dog Food"|"petsupplies_095"|"Blue Freedom Grain Free Small Breed Dry Dog Food P00204"|"FALSE"
"petsense_037"|"Blue Buffalo Life Protection Small Breed Adult Healthy Weight Chicken and Brown Rice Recipe Dry Dog Food"|"petsupplies_034"|"Blue Buffalo Life Protect Senior Dry Dog Food 30lb"|"FALSE"
"petsense_038"|"Blue Buffalo Life Protection Puppy Chicken and Brown Rice Recipe Dry Dog Food"|"roguevalleypet_072"|"Blue Buffalo Wilderness Rocky Mountain Recipe Small Breed Red Meat Dry Dog Food"|"FALSE"
"petsense_039"|"Blue Buffalo Life Protection Large Breed Senior Chicken and Brown Rice Recipe Dry Dog Food"|"roguevalleypet_057"|"Blue Buffalo Wilderness Grain Free Duck Recipe Dry Dog Food"|"FALSE"
"petsense_040"|"Blue Buffalo Life Protection Large Breed Adult Healthy Weight Chicken and Brown Rice Recipe Dry Dog Food"|"petsupplies_034"|"Blue Buffalo Life Protect Senior Dry Dog Food 30lb"|"FALSE"
"petsense_041"|"Blue Buffalo Life Protection Large Breed Adult Fish and Oatmeal Recipe Dry Dog Food"|"roguevalleypet_063"|"Blue Buffalo Wilderness Grain Free Small Breed  Chicken Dry Dog Food"|"FALSE"
"petsupplies_002"|"Natural Balance LID Fish Small Breed Dry Dog Food "|"roguevalleypet_092"|"Natural Balance Limited Ingredient Diets High Protein Beef Dry Dog Food"|"FALSE"
"petsupplies_015"|"Blue Buffalo Basic Turkey/Potato Dry Dog Food 11lb"|"petsupplies_050"|"Blue Buffalo Life Protect Sm Breed Dog Food 6lb"|"FALSE"
"petsupplies_020"|"Natural Balance LID Lg Breed Dry Dog Food 14lb"|"roguevalleypet_088"|"Natural Balance L.I.D. Limited Ingredient Diets Potato and Duck Small Breed Bites Dry Dog Food"|"FALSE"
"petsupplies_034"|"Blue Buffalo Life Protect Senior Dry Dog Food 30lb"|"roguevalleypet_034"|"Blue Buffalo Life Protection Large Breed Adult Healthy Weight Chicken and Brown Rice Recipe Dry Dog Food"|"FALSE"
"petsupplies_050"|"Blue Buffalo Life Protect Sm Breed Dog Food 6lb"|"roguevalleypet_034"|"Blue Buffalo Life Protection Large Breed Adult Healthy Weight Chicken and Brown Rice Recipe Dry Dog Food"|"FALSE"
"petsupplies_095"|"Blue Freedom Grain Free Small Breed Dry Dog Food P00204"|"roguevalleypet_041"|"Blue Buffalo Life Protection Small Breed Adult Chicken And Brown Rice Recipe Dry Dog Food"|"FALSE"
"petsupplies_096"|"Blue Life Protection Small Breed Weight Dog Food P00205"|"roguevalleypet_039"|"Blue Buffalo Life Protection Puppy Lamb and Oatmeal Recipe Dry Dog Food"|"FALSE"
"petsupplies_105"|"Blue Wilderness Dog Food 12pk Turkey/Chicken"|"roguevalleypet_060"|"Blue Buffalo Wilderness Grain Free Large Breed Chicken Dry Dog Food"|"FALSE"
"petsupplies_127"|"Blue Buffalo Lg Breed Senior Dry Dog Food 30lb"|"roguevalleypet_034"|"Blue Buffalo Life Protection Large Breed Adult Healthy Weight Chicken and Brown Rice Recipe Dry Dog Food"|"FALSE"
"petsupplies_134"|"Blue Buffalo Wilderness Duck Dry Dog Food 24lb"|"roguevalleypet_026"|"Blue Buffalo Life Protection Adult Chicken and Brown Rice Recipe Dry Dog Food"|"FALSE"
"roguevalleypet_003"|"Blue Buffalo Basics Grain Free Adult Duck and Potato Recipe Dry Dog Food"|"roguevalleypet_072"|"Blue Buffalo Wilderness Rocky Mountain Recipe Small Breed Red Meat Dry Dog Food"|"FALSE"
"roguevalleypet_020"|"Blue Buffalo Freedom Grain Free Chicken Recipe Puppy Dry Dog Food"|"roguevalleypet_030"|"Blue Buffalo Life Protection Formula Adult Toy Breed Chicken and Brown Rice Dry Dog Food"|"FALSE"
"roguevalleypet_022"|"Blue Buffalo Freedom Large Breed Adult Beef Recipe Dry Dog Food"|"roguevalleypet_038"|"Blue Buffalo Life Protection Puppy Chicken and Brown Rice Recipe Dry Dog Food"|"FALSE"
"roguevalleypet_026"|"Blue Buffalo Life Protection Adult Chicken and Brown Rice Recipe Dry Dog Food"|"roguevalleypet_072"|"Blue Buffalo Wilderness Rocky Mountain Recipe Small Breed Red Meat Dry Dog Food"|"FALSE"
"roguevalleypet_027"|"Blue Buffalo Life Protection Adult Fish and Brown Rice Recipe Dry Dog Food"|"roguevalleypet_072"|"Blue Buffalo Wilderness Rocky Mountain Recipe Small Breed Red Meat Dry Dog Food"|"FALSE"
"roguevalleypet_028"|"Blue Buffalo Life Protection Adult Lamb and Brown Rice Recipe Dry Dog Food"|"roguevalleypet_072"|"Blue Buffalo Wilderness Rocky Mountain Recipe Small Breed Red Meat Dry Dog Food"|"FALSE"
"roguevalleypet_030"|"Blue Buffalo Life Protection Formula Adult Toy Breed Chicken and Brown Rice Dry Dog Food"|"roguevalleypet_055"|"Blue Buffalo Wilderness Grain Free Chicken Recipe Dry Dog Food"|"FALSE"
"roguevalleypet_031"|"Blue Buffalo Life Protection Healthy Weight Adult Chicken and Brown Rice Recipe Dry Dog Food"|"roguevalleypet_060"|"Blue Buffalo Wilderness Grain Free Large Breed Chicken Dry Dog Food"|"FALSE"
"roguevalleypet_032"|"Blue Buffalo Life Protection Large Breed Adult Chicken and Brown Rice Recipe Dry Dog Food"|"roguevalleypet_057"|"Blue Buffalo Wilderness Grain Free Duck Recipe Dry Dog Food"|"FALSE"
"roguevalleypet_174"|"Taste Of The Wild Grain Free Southwest Canyon with Wild Boar Dry Dog Food"|"roguevalleypet_176"|"Taste Of The Wild High Prairie Roasted Bison and Venison Puppy Dry Food"|"FALSE"
"roguevalleypet_175"|"Taste Of The Wild High Prairie Dry Dog Food"|"roguevalleypet_178"|"Taste Of The Wild Pacific Stream Smoked Salmon Puppy Dry Food"|"FALSE"
"roguevalleypet_176"|"Taste Of The Wild High Prairie Roasted Bison and Venison Puppy Dry Food"|"roguevalleypet_177"|"Taste Of The Wild Pacific Stream Dry Dog Food"|"FALSE"
"roguevalleypet_177"|"Taste Of The Wild Pacific Stream Dry Dog Food"|"roguevalleypet_179"|"Taste Of The Wild Sierra Mountain Dry Dog Food"|"FALSE"
"roguevalleypet_178"|"Taste Of The Wild Pacific Stream Smoked Salmon Puppy Dry Food"|"roguevalleypet_179"|"Taste Of The Wild Sierra Mountain Dry Dog Food"|"FALSE"
"roguevalleypet_179"|"Taste Of The Wild Sierra Mountain Dry Dog Food"|"roguevalleypet_180"|"Taste Of The Wild Wetlands Dry Dog Food"|"FALSE"
"speckspets_006"|"Blue Buffalo CHICKEN PUPPY 6LB"|"speckspets_032"|"Blue Buffalo  SM BRD PUP CKN/OAT  6LB"|"FALSE"
"speckspets_010"|"Blue Buffalo CHKN SENIOR 30LB"|"speckspets_011"|"Blue Buffalo CHKN SM BREED ADULT 6LB"|"FALSE"
"speckspets_011"|"Blue Buffalo CHKN SM BREED ADULT 6LB"|"speckspets_032"|"Blue Buffalo  SM BRD PUP CKN/OAT  6LB"|"FALSE"
"speckspets_032"|"Blue Buffalo  SM BRD PUP CKN/OAT  6LB"|"speckspets_033"|"Blue Buffalo SM BREED SR 6LB"|"FALSE"
"speckspets_045"|"Blue Buffalo Wilderness DUCK 24LB"|"speckspets_048"|"Blue Buffalo Wilderness REDMEAT SB 4LB"|"FALSE"
"roguevalleypet_133"|"Royal Canin Indoor Life Small Breed Senior Dry Dog Food"|"roguevalleypet_134"|"Royal Canin Jack Russell Terrier Puppy Recipe Dry Dog Food"|"FALSE"
"roguevalleypet_134"|"Royal Canin Jack Russell Terrier Puppy Recipe Dry Dog Food"|"roguevalleypet_163"|"Royal Canin Shih Tzu Adult Dry Dog Food"|"FALSE"
"roguevalleypet_149"|"Royal Canin Mini Adult Dry Dog Food"|"roguevalleypet_162"|"Royal Canin Rottweiler Puppy Recipe Dry Dog Food"|"FALSE"
"roguevalleypet_153"|"Royal Canin Mini Special Dry Dog Food"|"roguevalleypet_162"|"Royal Canin Rottweiler Puppy Recipe Dry Dog Food"|"FALSE"
"roguevalleypet_162"|"Royal Canin Rottweiler Puppy Recipe Dry Dog Food"|"roguevalleypet_163"|"Royal Canin Shih Tzu Adult Dry Dog Food"|"FALSE"
"roguevalleypet_163"|"Royal Canin Shih Tzu Adult Dry Dog Food"|"roguevalleypet_164"|"Royal Canin Shih Tzu Puppy Dry Dog Food"|"FALSE"
"roguevalleypet_172"|"Taste Of The Wild Grain Free Appalachian Valley Small Breed Recipe Dry Dog Food"|"roguevalleypet_178"|"Taste Of The Wild Pacific Stream Smoked Salmon Puppy Dry Food"|"FALSE"
"roguevalleypet_173"|"Taste Of The Wild Grain Free Pine Forest Recipe Dry Dog Food"|"roguevalleypet_176"|"Taste Of The Wild High Prairie Roasted Bison and Venison Puppy Dry Food"|"FALSE"
"bibita_377"|"Royal Canin Dachshund Adult"|"cheshirepetsupplies_046"|"Royal Canin Dog Adult Mini +10 Months (1-10kg) 8kg"|"FALSE"
"bibita_380"|"Royal Canin West Highland White Terrier Adult"|"bigdogworld_001"|"Royal Canin German Shepherd Adult 12Kg"|"FALSE"
"bibita_381"|"Royal Canin X-Small Puppy"|"bibita_390"|"Royal Canin Mini Adult"|"FALSE"
"bibita_382"|"Hill's Science Plan Puppy Healthy Development Mini - Chicken"|"miscota_131"|"Hill's Puppy Healthy Development??? Medium Chicken"|"FALSE"
"bibita_386"|"Taste of the Wild Wetlands Canine Adult"|"bigdogworld_023"|"Taste of the Wild Pine Forest Venison and Legumes 13Kg"|"FALSE"
"bibita_390"|"Royal Canin Mini Adult"|"megapet_051"|"Royal Canin German Shepherd Adult Dog 12kg Dry Dog Food"|"FALSE"
"bibita_391"|"Taste of the Wild Southwest Canyon Adult"|"bigdogworld_023"|"Taste of the Wild Pine Forest Venison and Legumes 13Kg"|"FALSE"
"concordpetfoods_146"|"Natural Balance L.I.D. Limited Ingredient Diets Adult Maintenance Sweet Potato and Fish Small Breed Bites Dry Dog Food"|"healthypetcenter_114"|"Blue Buffalo Life Protection Small Breed Adult Fish and Brown Rice Recipe Dry Dog Food"|"FALSE"
"concordpetfoods_152"|"Royal Canin Shih Tzu Puppy Dry Dog Food"|"healthypetcenter_292"|"Royal Canin Size Health Nutrition Indoor Life Small Breed Senior Dry Dog Food"|"FALSE"
"concordpetfoods_156"|"Royal Canin Golden Retriever Puppy Dry Dog Food"|"miscota_164"|"Royal Canin Labrador Retriever Adult"|"FALSE"
"concordpetfoods_158"|"Royal Canin Small Breed Special Dry Dog Food"|"countrymax_103"|"Royal Canin Shih Tzu 24 Dog Food 2.5 Pounds"|"FALSE"
"countrymax_094"|"Royal Canin Bulldog Puppy Food 30 Pounds"|"mypetwarehouse_071"|"ROYAL CANIN BEAGLE DOG FOOD 12KG"|"FALSE"
"countrymax_095"|"Royal Canin Dachshund 28 Dog Food 2.5 Pounds"|"megapet_051"|"Royal Canin German Shepherd Adult Dog 12kg Dry Dog Food"|"FALSE"
"countrymax_098"|"Royal Canin Golden Retriever Puppy Food 30 Pounds"|"miscota_164"|"Royal Canin Labrador Retriever Adult"|"FALSE"
"countrymax_101"|"Royal Canin Mini Special Dog Food 3.5 Pounds"|"megapet_051"|"Royal Canin German Shepherd Adult Dog 12kg Dry Dog Food"|"FALSE"
"countrymax_103"|"Royal Canin Shih Tzu 24 Dog Food 2.5 Pounds"|"healthypetcenter_298"|"Royal Canin Rottweiler Puppy Recipe Dry Dog Food"|"FALSE"
"countrymax_104"|"Royal Canin Shih Tzu Puppy Food 2.5 Pounds"|"healthypetcenter_298"|"Royal Canin Rottweiler Puppy Recipe Dry Dog Food"|"FALSE"
"countrymax_108"|"Taste of the Wild Appalachian Valley Small Breed Dog Food"|"mypetwarehouse_193"|"TASTE OF THE WILD WETLANDS CANINE 374GX12"|"FALSE"
"countrymax_115"|"Taste of the Wild Pine Forest Venison & Legume Dog Food"|"healthypetcenter_303"|"Taste Of The Wild Grain Free Appalachian Valley Small Breed Recipe Dry Dog Food"|"FALSE"
"countrymax_117"|"Taste of the Wild Sierra Mountain Dog Food"|"mypetwarehouse_195"|"TASTE OF THE WILD WETLANDS GRAIN FREE CANINE 13KG"|"FALSE"
"countrymax_118"|"Taste of the Wild Southwest Canyon Canine Formula"|"healthypetcenter_306"|"Taste Of The Wild High Prairie Canned Dog Food"|"FALSE"
"healthypetcenter_306"|"Taste Of The Wild High Prairie Canned Dog Food"|"mypetwarehouse_173"|"TASTE OF THE WILD PACIFIC STREAM CANINE 374GX12"|"FALSE"
"healthypetcenter_311"|"Taste Of The Wild Pacific Stream Smoked Salmon Puppy Dry Food"|"healthypetcenter_312"|"Taste Of The Wild Sierra Mountain Canine Canned Dog Food"|"FALSE"
"healthypetcenter_312"|"Taste Of The Wild Sierra Mountain Canine Canned Dog Food"|"horseandhound_144"|"Taste Of The Wild Pacific Stream Smoked Salmon Puppy Dry Food"|"FALSE"
"healthypetcenter_313"|"Taste Of The Wild Sierra Mountain Dry Dog Food"|"mypetwarehouse_173"|"TASTE OF THE WILD PACIFIC STREAM CANINE 374GX12"|"FALSE"
"healthypetcenter_315"|"Taste Of The Wild Wetlands Canned Dog Food"|"horseandhound_142"|"Taste Of The Wild High Prairie Roasted Bison and Venison Puppy Dry Food"|"FALSE"
"healthypetcenter_316"|"Taste Of The Wild Wetlands Dry Dog Food"|"mypetwarehouse_173"|"TASTE OF THE WILD PACIFIC STREAM CANINE 374GX12"|"FALSE"
"horseandhound_112"|"Royal Canin Size Health Nutrition Small Breed Adult Dry Dog Food"|"petnutritioncenter_119"|"Blue Buffalo Life Protection Small Breed Adult Chicken And Brown Rice Recipe Dry Dog Food"|"FALSE"
"horseandhound_117"|"Royal Canin Small Breed Special Dry Dog Food"|"petfood_022"|"Blue Life Protection Small Breed Weight Dog Food P00205"|"FALSE"
"horseandhound_127"|"Royal Canin Rottweiler Puppy Recipe Dry Dog Food"|"petnutritioncenter_116"|"Blue Buffalo Life Protection Puppy Chicken and Brown Rice Recipe Dry Dog Food"|"FALSE"
"horseandhound_128"|"Royal Canin Shih Tzu Adult Dry Dog Food"|"miscota_028"|"Royal Canin Yorkshire Terrier Adult"|"FALSE"
"horseandhound_129"|"Royal Canin Shih Tzu Puppy Dry Dog Food"|"miscota_014"|"Royal Canin Puppy Medium"|"FALSE"
"horseandhound_138"|"Taste Of The Wild Grain Free Appalachian Valley Small Breed Recipe Dry Dog Food"|"horseandhound_144"|"Taste Of The Wild Pacific Stream Smoked Salmon Puppy Dry Food"|"FALSE"
"petnutritioncenter_133"|"Blue Buffalo Wilderness Grain Free Chicken Recipe Dry Dog Food"|"petsense_029"|"Blue Buffalo Life Protection Small Breed Adult Fish and Brown Rice Recipe Dry Dog Food"|"FALSE"
"petnutritioncenter_135"|"Blue Buffalo Wilderness Grain Free Denali Dinner with Salmon; Venison and Halibut Dry Dog Food"|"petnutritioncenter_165"|"Blue Buffalo Wilderness Turkey and Chicken Grill Canned Dog Food"|"FALSE"
"petnutritioncenter_137"|"Blue Buffalo Wilderness Grain Free Duck Recipe Dry Dog Food"|"petsense_029"|"Blue Buffalo Life Protection Small Breed Adult Fish and Brown Rice Recipe Dry Dog Food"|"FALSE"
"bibita_118"|"Taste of the Wild Pacific Stream Puppy"|"megapet_105"|"Taste of the Wild Grain Free Canine Sierra Mountain 2kg Dry Dog Food"|"FALSE"
"bibita_118"|"Taste of the Wild Pacific Stream Puppy"|"bigdogworld_024"|"Taste of the Wild Sierra Mountain Roast Lamb 13Kg"|"FALSE"
"bibita_118"|"Taste of the Wild Pacific Stream Puppy"|"miscota_331"|"Taste of the Wild Sierra Mountain Canine Formula with Roasted Lamb"|"FALSE"
"bibita_118"|"Taste of the Wild Pacific Stream Puppy"|"mypetwarehouse_187"|"TASTE OF THE WILD SIERRA MOUNTAIN GRAIN FREE CANINE 2KG"|"FALSE"
"megapet_105"|"Taste of the Wild Grain Free Canine Sierra Mountain 2kg Dry Dog Food"|"bibita_224"|"Taste of the Wild Sierra Mountain Adult"|"FALSE"
"megapet_105"|"Taste of the Wild Grain Free Canine Sierra Mountain 2kg Dry Dog Food"|"miscota_332"|"Taste of the Wild Sierra Mountain Canine Formula with Roasted Lamb"|"FALSE"
"megapet_105"|"Taste of the Wild Grain Free Canine Sierra Mountain 2kg Dry Dog Food"|"bibita_396"|"Taste of the Wild Sierra Mountain Adult"|"FALSE"
"megapet_105"|"Taste of the Wild Grain Free Canine Sierra Mountain 2kg Dry Dog Food"|"bigdogworld_024"|"Taste of the Wild Sierra Mountain Roast Lamb 13Kg"|"FALSE"
"cheshirepetsupplies_114"|"Royal Canin Yorkshire Terrier Adult 1.5kg"|"miscota_028"|"Royal Canin Yorkshire Terrier Adult"|"TRUE"
"cheshirepetsupplies_115"|"Royal Canin Yorkshire Terrier Adult 7.5kg"|"miscota_030"|"Royal Canin Yorkshire Terrier Adult"|"TRUE"
"cheshirepetsupplies_064"|"Royal Canin Maxi Adult 4kg"|"miscota_160"|"Royal Canin Maxi Adult"|"TRUE"
"miscota_160"|"Royal Canin Maxi Adult"|"mypetwarehouse_095"|"ROYAL CANIN MAXI ADULT DOG FOOD 4KG"|"TRUE"
"bibita_390"|"Royal Canin Mini Adult"|"mypetwarehouse_118"|"ROYAL CANIN MINI ADULT DOG FOOD 8KG"|"TRUE"
"miscota_295"|"Royal Canin Mini Adult"|"mypetwarehouse_118"|"ROYAL CANIN MINI ADULT DOG FOOD 8KG"|"TRUE"
"bibita_051"|"Royal Canin Medium Adult 7+"|"megapet_070"|"Royal Canin Medium Adult Dog 7+ 15kg Dry Dog Food"|"TRUE"
"bibita_029"|"Royal Canin Labrador Retriever Junior"|"megapet_059"|"Royal Canin Labrador Retriever Junior Dog 12kg Dry Dog Food"|"TRUE"
"miscota_045"|"Taste of the Wild Southwest Canyon Canine Formula with Wild Boar"|"mypetwarehouse_189"|"TASTE OF THE WILD SOUTHWEST CANYON GRAIN FREE CANINE 13KG"|"TRUE"
"bigdogworld_024"|"Taste of the Wild Sierra Mountain Roast Lamb 13Kg"|"miscota_332"|"Taste of the Wild Sierra Mountain Canine Formula with Roasted Lamb"|"TRUE"
"bibita_068"|"Hill's Science Plan Adult 1-6 Advanced Fitness Medium with Tuna & Rice"|"cheshirepetsupplies_011"|"Hills Science Plan Canine Advanced Fitness Adult Tuna & Rice 12kg"|"TRUE"
"bibita_308"|"Hill's Science Plan Adult 1-6 Advanced Fitness Medium with Tuna & Rice"|"cheshirepetsupplies_011"|"Hills Science Plan Canine Advanced Fitness Adult Tuna & Rice 12kg"|"TRUE"
"miscota_001"|"Taste of the Wild Wetlands Canine Formula with Roasted Fowl"|"mypetwarehouse_195"|"TASTE OF THE WILD WETLANDS GRAIN FREE CANINE 13KG"|"FALSE"
"miscota_001"|"Taste of the Wild Wetlands Canine Formula with Roasted Fowl"|"bibita_226"|"Taste of the Wild Wetlands Canine Adult"|"FALSE"
"bigdogworld_029"|"Taste of the Wild Wetlands Wild Fowl 13Kg"|"mypetwarehouse_196"|"TASTE OF THE WILD WETLANDS GRAIN FREE CANINE 2KG"|"FALSE"
"bigdogworld_029"|"Taste of the Wild Wetlands Wild Fowl 13Kg"|"mypetwarehouse_197"|"TASTE OF THE WILD WETLANDS GRAIN FREE CANINE 6KG"|"FALSE"
"bibita_144"|"Royal Canin Mini Light Weight Care"|"cheshirepetsupplies_082"|"Royal Canin Mini Adult 4kg"|"FALSE"
"bibita_144"|"Royal Canin Mini Light Weight Care"|"ROYAL CANIN MINI ADULT DOG FOOD 8KG"||"FALSE"
"miscota_294"|"Royal Canin Mini Adult"|"megapet_080"|"Royal Canin Mini Adult Dog 8kg Dry Dog Food"|"FALSE"
"miscota_294"|"Royal Canin Mini Adult"|"bibita_220"|"Royal Canin Mini Adult"|"FALSE"
"miscota_294"|"Royal Canin Mini Adult"|"cheshirepetsupplies_046"|"Royal Canin Dog Adult Mini +10 Months (1-10kg) 8kg"|"FALSE"
"miscota_294"|"Royal Canin Mini Adult"|"mypetwarehouse_118"|"ROYAL CANIN MINI ADULT DOG FOOD 8KG"|"FALSE"
"megapet_080"|"Royal Canin Mini Adult Dog 8kg Dry Dog Food"|"cheshirepetsupplies_082"|"Royal Canin Mini Adult 4kg"|"FALSE"
"megapet_080"|"Royal Canin Mini Adult Dog 8kg Dry Dog Food"|"bibita_144"|"Royal Canin Mini Light Weight Care"|"FALSE"
"megapet_080"|"Royal Canin Mini Adult Dog 8kg Dry Dog Food"|"mypetwarehouse_124"|"ROYAL CANIN MINI LIGHT WEIGHT CARE 2KG"|"FALSE"
"megapet_108"|"Taste of the Wild Grain Free Canine Southwest Canyon 2kg Dry Dog Food"|"mypetwarehouse_189"|"TASTE OF THE WILD SOUTHWEST CANYON GRAIN FREE CANINE 13KG"|"FALSE"
"megapet_108"|"Taste of the Wild Grain Free Canine Southwest Canyon 2kg Dry Dog Food"|"bigdogworld_026"|"Taste of the Wild Southwest Canyon 13Kg"|"FALSE"
"megapet_108"|"Taste of the Wild Grain Free Canine Southwest Canyon 2kg Dry Dog Food"|"bibita_151"|"Taste of the Wild Southwest Canyon Adult"|"FALSE"
"bibita_222"|"Taste of the Wild Southwest Canyon Adult"|"megapet_108"|"Taste of the Wild Grain Free Canine Southwest Canyon 2kg Dry Dog Food"|"FALSE"
"bibita_222"|"Taste of the Wild Southwest Canyon Adult"|"mypetwarehouse_190"|"TASTE OF THE WILD SOUTHWEST CANYON GRAIN FREE CANINE 2KG"|"FALSE"
"bibita_222"|"Taste of the Wild Southwest Canyon Adult"|"miscota_044"|"Taste of the Wild Southwest Canyon Canine Formula with Wild Boar"|"FALSE"
"mypetwarehouse_191"|"TASTE OF THE WILD SOUTHWEST CANYON GRAIN FREE CANINE 6KG"|"bigdogworld_026"|"Taste of the Wild Southwest Canyon 13Kg"|"FALSE"
"mypetwarehouse_191"|"TASTE OF THE WILD SOUTHWEST CANYON GRAIN FREE CANINE 6KG"|"bibita_151"|"Taste of the Wild Southwest Canyon Adult"|"FALSE"
"mypetwarehouse_191"|"TASTE OF THE WILD SOUTHWEST CANYON GRAIN FREE CANINE 6KG"|"megapet_107"|"Taste of the Wild Grain Free Canine Southwest Canyon 13kg Dry Dog Food"|"FALSE"
"mypetwarehouse_191"|"TASTE OF THE WILD SOUTHWEST CANYON GRAIN FREE CANINE 6KG"|"miscota_045"|"Taste of the Wild Southwest Canyon Canine Formula with Wild Boar"|"FALSE"
"mypetwarehouse_087"|"ROYAL CANIN BEAGLE DOG FOOD 12KG"|"bibita_376"|"Royal Canin Pug Adult"|"FALSE"
"mypetwarehouse_087"|"ROYAL CANIN BEAGLE DOG FOOD 12KG"|"miscota_239"|"Royal Canin Pug Adult"|"FALSE"
"bibita_376"|"Royal Canin Pug Adult"|"mypetwarehouse_071"|"ROYAL CANIN BEAGLE DOG FOOD 12KG"|"FALSE"
"bibita_376"|"Royal Canin Pug Adult"|"cheshirepetsupplies_028"|"Royal Canin Beagle Adult 12kg"|"FALSE"
"bibita_376"|"Royal Canin Pug Adult"|"bibita_053"|"Royal Canin Beagle Adult"|"FALSE"
"cheshirepetsupplies_028"|"Royal Canin Beagle Adult 12kg"|"megapet_088"|"Royal Canin Pug Adult Dog 3kg Dry Dog Food"|"FALSE"
"cheshirepetsupplies_028"|"Royal Canin Beagle Adult 12kg"|"mypetwarehouse_164"|"ROYAL CANIN DOG PUG DOG FOOD 3KG"|"FALSE"
"cheshirepetsupplies_028"|"Royal Canin Beagle Adult 12kg"|"miscota_239"|"Royal Canin Pug Adult"|"FALSE"
"cheshirepetsupplies_028"|"Royal Canin Beagle Adult 12kg"|"bibita_136"|"Royal Canin Pug Adult"|"FALSE"
"megapet_088"|"Royal Canin Pug Adult Dog 3kg Dry Dog Food"|"bibita_053"|"Royal Canin Beagle Adult"|"FALSE"
"megapet_088"|"Royal Canin Pug Adult Dog 3kg Dry Dog Food"|"miscota_116"|"Royal Canin Beagle Adult"|"FALSE"
"miscota_164"|"Royal Canin Labrador Retriever Adult"|"cheshirepetsupplies_060"|"Royal Canin Labrador Retriever Adult 12kg"|"FALSE"
"miscota_164"|"Royal Canin Labrador Retriever Adult"|"bigdogworld_009"|"Royal Canin Labrador Retriever Adult 12Kg"|"FALSE"
"miscota_164"|"Royal Canin Labrador Retriever Adult"|"megapet_057"|"Royal Canin Labrador Retriever Adult Dog 12kg Dry Dog Food"|"FALSE"
"miscota_164"|"Royal Canin Labrador Retriever Adult"|"bibita_028"|"Royal Canin Labrador Retriever Adult"|"FALSE"
"miscota_165"|"Royal Canin Labrador Retriever Adult"|"cheshirepetsupplies_061"|"Royal Canin Labrador Retriever Adult 3kg"|"FALSE"
"miscota_165"|"Royal Canin Labrador Retriever Adult"|"megapet_058"|"Royal Canin Labrador Retriever Adult Dog 3kg Dry Dog Food"|"FALSE"
"miscota_165"|"Royal Canin Labrador Retriever Adult"|"mypetwarehouse_088"|"ROYAL CANIN LABRADOR DOG FOOD 3KG"|"FALSE"
"bibita_268"|"Royal Canin Labrador Retriever Adult"|"cheshirepetsupplies_060"|"Royal Canin Labrador Retriever Adult 12kg"|"FALSE"
"bibita_268"|"Royal Canin Labrador Retriever Adult"|"bigdogworld_009"|"Royal Canin Labrador Retriever Adult 12Kg"|"FALSE"
"bibita_268"|"Royal Canin Labrador Retriever Adult"|"cheshirepetsupplies_061"|"Royal Canin Labrador Retriever Adult 3kg"|"FALSE"
"bigdogworld_020"|"Taste of the Wild High Prairie Venison 13Kg"|"mypetwarehouse_175"|"TASTE OF THE WILD PACIFIC STREAM GRAIN FREE CANINE 2KG"|"FALSE"
"bigdogworld_020"|"Taste of the Wild High Prairie Venison 13Kg"|"miscota_327"|"Taste of the Wild Pacific Stream Canine Formula with Smoked Salmon"|"FALSE"
"bigdogworld_020"|"Taste of the Wild High Prairie Venison 13Kg"|"megapet_101"|"Taste of the Wild Grain Free Canine Pacific Stream 2kg Dry Dog Food"|"FALSE"
"bigdogworld_020"|"Taste of the Wild High Prairie Venison 13Kg"|"bibita_145"|"Taste of the Wild Pacific Stream Canine Adult"|"FALSE"
"mypetwarehouse_175"|"TASTE OF THE WILD PACIFIC STREAM GRAIN FREE CANINE 2KG"|"bibita_356"|"Taste of the Wild High Prairie Canine Adult"|"FALSE"
"mypetwarehouse_175"|"TASTE OF THE WILD PACIFIC STREAM GRAIN FREE CANINE 2KG"|"megapet_098"|"Taste of the Wild Grain Free Canine High Prairie 13kg Dry Dog Food"|"FALSE"
"mypetwarehouse_175"|"TASTE OF THE WILD PACIFIC STREAM GRAIN FREE CANINE 2KG"|"miscota_009"|"Taste of the Wild High Prairie Canine Formula with Roasted Bison & Roasted Venison"|"FALSE"
"petsupplies_127"|"Blue Buffalo Lg Breed Senior Dry Dog Food 30lb"|"countrymax_032"|"Blue Buffalo Large Breed Senior Chicken & Brown Rice Dog Food; 15 Lb."|"FALSE"
"petnutritioncenter_221"|"Taste Of The Wild Grain Free Appalachian Valley Small Breed Recipe Dry Dog Food"|"mypetwarehouse_165"|"TASTE OF THE WILD APPALACHIAN VALLEY GRAIN FREE SMALL BREED VENISON 2KG"|"FALSE"
"countrymax_039"|"Blue Buffalo Small Breed Chicken & Brown Rice Dog Food"|"petsupplies_050"|"Blue Buffalo Life Protect Sm Breed Dog Food 6lb"|"FALSE"
"countrymax_039"|"Blue Buffalo Small Breed Chicken & Brown Rice Dog Food"|"petfood_012"|"Blue Buffalo Life Protect Sm Breed Dog Food 6lb"|"FALSE"
"countrymax_039"|"Blue Buffalo Small Breed Chicken & Brown Rice Dog Food"|"dog_016"|"Blue Buffalo Life Protect Sm Breed Dog Food 6lb"|"FALSE"
"countrymax_039"|"Blue Buffalo Small Breed Chicken & Brown Rice Dog Food"|"speckspets_011"|"Blue Buffalo CHKN SM BREED ADULT 6LB"|"FALSE"
"cheshirepetsupplies_008"|"Hills Science Plan Canine Advanced Fitness Adult Mini Chicken 2.5kg"|"miscota_131"|"Hill's Puppy Healthy Development??? Medium Chicken"|"FALSE"
"bibita_155"|"Hill's Science Plan Adult 1-6 Advanced Fitness Mini with Chicken"|"miscota_131"|"Hill's Puppy Healthy Development??? Medium Chicken"|"FALSE"
"miscota_142"|"Hill's Adult Advanced Fitness Mini Chicken"|"miscota_131"|"Hill's Puppy Healthy Development??? Medium Chicken"|"FALSE"
"cheshirepetsupplies_008"|"Hills Science Plan Canine Advanced Fitness Adult Mini Chicken 2.5kg"|"bibita_075"|"Hill's Science Plan Puppy Healthy Development Medium - Chicken"|"FALSE"
"bibita_155"|"Hill's Science Plan Adult 1-6 Advanced Fitness Mini with Chicken"|"bibita_075"|"Hill's Science Plan Puppy Healthy Development Medium - Chicken"|"FALSE"
"miscota_142"|"Hill's Adult Advanced Fitness Mini Chicken"|"bibita_075"|"Hill's Science Plan Puppy Healthy Development Medium - Chicken"|"FALSE"
"cheshirepetsupplies_089"|"Royal Canin Mini Junior 2kg"|"miscota_102"|"Royal Canin Mini Junior"|"FALSE"
"mypetwarehouse_159"|"ROYAL CANIN DOG MINI JUNIOR PUPPY FOOD 2KG"|"miscota_102"|"Royal Canin Mini Junior"|"FALSE"
"megapet_082"|"Royal Canin Mini Puppy 2kg Dry Dog Food"|"miscota_102"|"Royal Canin Mini Junior"|"FALSE"
"miscota_103"|"Royal Canin Mini Junior"|"miscota_102"|"Royal Canin Mini Junior"|"FALSE"
"cheshirepetsupplies_089"|"Royal Canin Mini Junior 2kg"|"miscota_104"|"Royal Canin Mini Junior"|"FALSE"
"mypetwarehouse_159"|"ROYAL CANIN DOG MINI JUNIOR PUPPY FOOD 2KG"|"miscota_104"|"Royal Canin Mini Junior"|"FALSE"
"megapet_082"|"Royal Canin Mini Puppy 2kg Dry Dog Food"|"miscota_104"|"Royal Canin Mini Junior"|"FALSE"
"miscota_103"|"Royal Canin Mini Junior"|"miscota_104"|"Royal Canin Mini Junior"|"FALSE"
"bigdogworld_002"|"Royal Canin German Shepherd Junior 12Kg"|"bibita_272"|"Royal Canin German Shepherd Junior"|"FALSE"
"bibita_032"|"Royal Canin German Shepherd Junior"|"bibita_272"|"Royal Canin German Shepherd Junior"|"FALSE"
"mypetwarehouse_077"|"ROYAL CANIN GERMAN SHEPHERD JUNIOR 12KG"|"bibita_272"|"Royal Canin German Shepherd Junior"|"FALSE"
"megapet_052"|"Royal Canin German Shepherd Junior Dog 12kg Dry Dog Food"|"bibita_272"|"Royal Canin German Shepherd Junior"|"FALSE"
"bigdogworld_007"|"Royal Canin Golden Retriever Junior 12Kg"|"bibita_274"|"Royal Canin Golden Retriever Junior"|"FALSE"
"bibita_034"|"Royal Canin Golden Retriever Junior"|"bibita_274"|"Royal Canin Golden Retriever Junior"|"FALSE"
"megapet_054"|"Royal Canin Golden Retriever Junior Dog 12kg Dry Dog Food"|"bibita_274"|"Royal Canin Golden Retriever Junior"|"FALSE"
"mypetwarehouse_083"|"ROYAL CANIN GOLDEN RETRIEVER JUNIOR PUPPY FOOD 12KG"|"bibita_274"|"Royal Canin Golden Retriever Junior"|"FALSE"
"megapet_102"|"Taste of the Wild Grain Free Canine Pine Forest 13kg Dry Dog Food"|"megapet_103"|"Taste of the Wild Grain Free Canine Pine Forest 2kg Dry Dog Food"|"FALSE"
"bigdogworld_023"|"Taste of the Wild Pine Forest Venison and Legumes 13Kg"|"megapet_103"|"Taste of the Wild Grain Free Canine Pine Forest 2kg Dry Dog Food"|"FALSE"
"bibita_343"|"Taste of the Wild Pine Forest Adult"|"megapet_103"|"Taste of the Wild Grain Free Canine Pine Forest 2kg Dry Dog Food"|"FALSE"
"mypetwarehouse_180"|"TASTE OF THE WILD PINE FOREST GRAIN FREE VENISON 13KG"|"megapet_103"|"Taste of the Wild Grain Free Canine Pine Forest 2kg Dry Dog Food"|"FALSE"
"megapet_102"|"Taste of the Wild Grain Free Canine Pine Forest 13kg Dry Dog Food"|"bibita_103"|"Taste of the Wild Pine Forest Adult"|"FALSE"
"bigdogworld_023"|"Taste of the Wild Pine Forest Venison and Legumes 13Kg"|"bibita_103"|"Taste of the Wild Pine Forest Adult"|"FALSE"
"bibita_343"|"Taste of the Wild Pine Forest Adult"|"bibita_103"|"Taste of the Wild Pine Forest Adult"|"FALSE"
"mypetwarehouse_180"|"TASTE OF THE WILD PINE FOREST GRAIN FREE VENISON 13KG"|"bibita_103"|"Taste of the Wild Pine Forest Adult"|"FALSE"
"bigdogworld_010"|"Royal Canin Labrador retriever junior 12Kg"|"bibita_269"|"Royal Canin Labrador Retriever Junior"|"FALSE"
"bibita_029"|"Royal Canin Labrador Retriever Junior"|"bibita_269"|"Royal Canin Labrador Retriever Junior"|"FALSE"
"mypetwarehouse_089"|"ROYAL CANIN LABRADOR JUNIOR PUPPY FOOD 12KG"|"bibita_269"|"Royal Canin Labrador Retriever Junior"|"FALSE"
"megapet_059"|"Royal Canin Labrador Retriever Junior Dog 12kg Dry Dog Food"|"bibita_269"|"Royal Canin Labrador Retriever Junior"|"FALSE"
"mypetwarehouse_156"|"ROYAL CANIN DOG MINI DERMACOMFORT 2KG"|"miscota_149"|"Royal Canin Mini Dermacomfort"|"FALSE"
"cheshirepetsupplies_085"|"Royal Canin Mini Dermacomfort Adult 2kg"|"miscota_149"|"Royal Canin Mini Dermacomfort"|"FALSE"
"miscota_147"|"Royal Canin Mini Dermacomfort"|"miscota_149"|"Royal Canin Mini Dermacomfort"|"FALSE"
"megapet_095"|"Royal Canin Small Dogs Dermacomfort 2kg Dry Dog Food"|"bibita_199"|"Royal Canin Mini Dermacomfort"|"FALSE"
"mypetwarehouse_156"|"ROYAL CANIN DOG MINI DERMACOMFORT 2KG"|"bibita_199"|"Royal Canin Mini Dermacomfort"|"FALSE"
"cheshirepetsupplies_085"|"Royal Canin Mini Dermacomfort Adult 2kg"|"bibita_199"|"Royal Canin Mini Dermacomfort"|"FALSE"
"miscota_147"|"Royal Canin Mini Dermacomfort"|"bibita_199"|"Royal Canin Mini Dermacomfort"|"FALSE"
"megapet_076"|"Royal Canin Medium Puppy 15kg Dry Dog Food"|"miscota_014"|"Royal Canin Puppy Medium"|"FALSE"
"miscota_016"|"Royal Canin Puppy Medium"|"mypetwarehouse_111"|"ROYAL CANIN MEDIUM JUNIOR 4 KG"|"FALSE"
"mypetwarehouse_113"|"ROYAL CANIN MEDIUM JUNIOR PUPPY FOOD 15KG"|"megapet_077"|"Royal Canin Medium Puppy 4kg Dry Dog Food"|"FALSE"
"megapet_065"|"Royal Canin Maxi Adult Dog 4kg Dry Dog Food"|"miscota_163"|"Royal Canin Maxi Adult"|"FALSE"
"cheshirepetsupplies_064"|"Royal Canin Maxi Adult 4kg"|"miscota_163"|"Royal Canin Maxi Adult"|"FALSE"
"mypetwarehouse_095"|"ROYAL CANIN MAXI ADULT DOG FOOD 4KG"|"miscota_163"|"Royal Canin Maxi Adult"|"FALSE"
"bibita_278"|"Royal Canin Yorkshire Terrier Adult"|"bibita_315"|"Hill's Science Plan Puppy Healthy Development Medium - Chicken"|"FALSE"
"cheshirepetsupplies_114"|"Royal Canin Yorkshire Terrier Adult 1.5kg"|"concordpetfoods_002"|"Blue Buffalo Wilderness Grain Free Duck Recipe Dry Dog Food"|"FALSE"
"cheshirepetsupplies_115"|"Royal Canin Yorkshire Terrier Adult 7.5kg"|"concordpetfoods_002"|"Blue Buffalo Wilderness Grain Free Duck Recipe Dry Dog Food"|"FALSE"
"miscota_028"|"Royal Canin Yorkshire Terrier Adult"|"miscota_044"|"Taste of the Wild Southwest Canyon Canine Formula with Wild Boar"|"FALSE"
"miscota_030"|"Royal Canin Yorkshire Terrier Adult"|"miscota_044"|"Taste of the Wild Southwest Canyon Canine Formula with Wild Boar"|"FALSE"
"bibita_075"|"Hill's Science Plan Puppy Healthy Development Medium - Chicken"|"bibita_084"|"Royal Canin Mini Sterilised"|"FALSE"
"bibita_155"|"Hill's Science Plan Adult 1-6 Advanced Fitness Mini with Chicken"|"bibita_163"|"Royal Canin Pug Junior"|"FALSE"
"bibita_315"|"Hill's Science Plan Puppy Healthy Development Medium - Chicken"|"bibita_324"|"Royal Canin Mini Sterilised"|"FALSE"
"cheshirepetsupplies_008"|"Hills Science Plan Canine Advanced Fitness Adult Mini Chicken 2.5kg"|"cheshirepetsupplies_075"|"Royal Canin Medium Dermacomfort 10kg"|"FALSE"
"miscota_131"|"Hill's Puppy Healthy Development??? Medium Chicken"|"miscota_147"|"Royal Canin Mini Dermacomfort"|"FALSE"
"miscota_142"|"Hill's Adult Advanced Fitness Mini Chicken"|"miscota_196"|"Royal Canin Pug Junior"|"FALSE"
"bibita_115"|"Hill's Prescription Diet Canine i/d Digestive Care"|"bibita_118"|"Taste of the Wild Pacific Stream Puppy"|"FALSE"
"bibita_195"|"Hill's Prescription Diet Canine i/d Digestive Care"|"bibita_199"|"Royal Canin Mini Dermacomfort"|"FALSE"
"bibita_197"|"Hill's Prescription Diet Canine r/d Weight Reduction"|"bibita_199"|"Royal Canin Mini Dermacomfort"|"FALSE"
"bibita_355"|"Hill's Prescription Diet Canine i/d Digestive Care"|"bibita_364"|"Royal Canin Mini Dermacomfort"|"FALSE"
"bibita_360"|"Hill's Prescription Diet Canine r/d Weight Reduction"|"bibita_364"|"Royal Canin Mini Dermacomfort"|"FALSE"
"horseandhound_127"|"Royal Canin Rottweiler Puppy Recipe Dry Dog Food"|"miscota_001"|"Taste of the Wild Wetlands Canine Formula with Roasted Fowl"|"FALSE"
"roguevalleypet_038"|"Blue Buffalo Life Protection Puppy Chicken and Brown Rice Recipe Dry Dog Food"|"speckspets_006"|"Blue Buffalo CHICKEN PUPPY 6LB"|"TRUE"
"petsupplies_127"|"Blue Buffalo Lg Breed Senior Dry Dog Food 30lb"|"roguevalleypet_037"|"Blue Buffalo Life Protection Large Breed Senior Chicken and Brown Rice Recipe Dry Dog Food"|"TRUE"
"petsupplies_050"|"Blue Buffalo Life Protect Sm Breed Dog Food 6lb"|"roguevalleypet_041"|"Blue Buffalo Life Protection Small Breed Adult Chicken And Brown Rice Recipe Dry Dog Food"|"TRUE"
"petco_065"|"Natural Balance L.I.D. Limited Ingredient Diets Sweet Potato & Fish Small Breed Bites Dog Food; 12 lbs."|"petsupplies_002"|"Natural Balance LID Fish Small Breed Dry Dog Food "|"TRUE"
"bibita_034"|"Royal Canin Golden Retriever Junior"|"bibita_068"|"Hill's Science Plan Adult 1-6 Advanced Fitness Medium with Tuna & Rice"|"FALSE"
"bibita_274"|"Royal Canin Golden Retriever Junior"|"bibita_308"|"Hill's Science Plan Adult 1-6 Advanced Fitness Medium with Tuna & Rice"|"FALSE"
"bigdogworld_007"|"Royal Canin Golden Retriever Junior 12Kg"|"bigdogworld_020"|"Taste of the Wild High Prairie Venison 13Kg"|"FALSE"
"megapet_054"|"Royal Canin Golden Retriever Junior Dog 12kg Dry Dog Food"|"miscota_001"|"Taste of the Wild Wetlands Canine Formula with Roasted Fowl"|"FALSE"
"mypetwarehouse_083"|"ROYAL CANIN GOLDEN RETRIEVER JUNIOR PUPPY FOOD 12KG"|"mypetwarehouse_165"|"TASTE OF THE WILD APPALACHIAN VALLEY GRAIN FREE SMALL BREED VENISON 2KG"|"FALSE"
"healthypetcenter_298"|"Royal Canin Rottweiler Puppy Recipe Dry Dog Food"|"miscota_001"|"Taste of the Wild Wetlands Canine Formula with Roasted Fowl"|"FALSE"
"petnutritioncenter_214"|"Royal Canin Rottweiler Puppy Recipe Dry Dog Food"|"speckspets_010"|"Blue Buffalo CHKN SENIOR 30LB"|"FALSE"
