"name"|"offerID"
"Dell Inspiron 15 7000 15.6in Intel Core i7 (7th Gen) IPS LCD Gaming Notebook 16GB RAM 1 TB HDD 128GB SSD"|"antonline_926"
"Dell Latitude 5490 14in Intel Core i7 8 GB DDR4 SDRAM LCD Notebook"|"antonline_905"
"Lenovo ThinkPad E580 20KS008JUS 15.6in LCD Notebook"|"antonline_527"
"Lenovo 20KS008JUS Ts e580 i3 4gb 500gb"|"savingslots_605"
"HP ProBook 645 G4 14in LCD Notebook"|"antonline_198"
"Hewlett Packard 645G4 R7-2700U 14 8GB/500 PC"|"buydig_351"
"ASUSPRO Laptop - 15.6??? FHD Matte Display"|"antonline_827"
"Lenovo IdeaPad Flex 5-1570 81CA0007US 15.6in Touchscreen LCD 2 in 1 Notebook"|"antonline_1073"
"Lenovo IdeaPad 530S-14IKB 81EU000HUS 14in LCD Notebook"|"antonline_835"
"HP ProBook 650 G2"|"antonline_344"
"Lenovo - 530S-14IKB 14in Laptop - Intel Core i5 - 8GB Memory - 128GB Solid State Drive - Onyx Black"|"bestbuy_744"
"Asus Vivobook S S530UA-DB51-RD 15.6in LCD Notebook"|"antonline_698"
"Dell G35795965BLK 15.6 i5 8300h 8gb 256gb"|"savingslots_490"
"ASUS - VivoBook S15 15.6in Laptop - Intel Core i5 - 8GB Memory - 256GB Solid State Drive - Starry Gray With Red Edges"|"bestbuy_351"
"Dell G3579-5965BLK 15.6in i5-8300H 8GB RAM 256GB SSD Gaming Notebook Laptop"|"buydig_44"
"Acer 12in Ci37130U 4G 128SSD W10P"|"buydig_154"
"Lenovo - 15.6in Laptop - Intel Core i5 - 8GB Memory - NVIDIA GeForce 920MX - 1TB Hard Drive - Platinum silver"|"bestbuy_722"
"Lenovo IdeaPad 320S-15IKB 15.6in LCD Notebook"|"antonline_1157"
"Lenovo IdeaPad 320S-15IKB 80X50002US 15.6in LCD Notebook"|"antonline_1156"
"Lenovo 320S-15IKB 80X5"|"howardcomputer_2221"
"Lenovo 81EM0007US Ip flex 6 i5 8gb 256gb"|"savingslots_502"
"Asus ROG Strix Scar II 17.3&ampquot 144Hz GTX 1060 Gaming Laptop [GL704GM-DH74]"|"cukusa_36"
"Asus ROG Strix SCAR II GL704 Black Gaming Laptop Computer"|"abt_118"
"Hewlett Packard 1030 G2 i77600U 13.3in 8G 512GB"|"buydig_400"
"ASUS GL704GMDH74 17.3 i7 8750h 16gb 256gb"|"savingslots_126"
"HP ProBook 440 G5 14in Touchscreen LCD Notebook"|"antonline_377"
"Lenovo IdeaPad 330-15ICH 81FK0000US 15.6in LCD Notebook"|"antonline_791"
"Lenovo?IdeaPad 330 330-15ICH 81FK 8th Gen Intel Core i5-8300H 2.3GHz Notebook PC - 8GB RAM 1TB HDD 15.6in TN 1920 x 1080 (Full HD) GeForce GTX 1050 / UHD Graphics 630 WiFi Bluetooth Microsoft Windows 10 Home 64-bit - Onyx Black?(81FK0000US)"|"macmall_404"
"Dell Latitude 5000 5491 14in LCD Notebook"|"antonline_756"
"Dell 14in i7 8850H 8GB 256GB"|"buydig_221"
"Dell commercial 4d7j7 14 i7 8850h 8gb 256gb"|"massgenie_448"
"Hewlett Packard 470 i78550U 17.3in 16G 256GB"|"buydig_393"
"HP ProBook 470 G5 17.3in LCD Notebook"|"antonline_324"
"Lenovo IdeaPad 330-15ICH 81FK009UUS 15.6in LCD Notebook"|"antonline_703"
"Asus Chromebook Flip C302 Silver Laptop Computer"|"abt_4"
"Asus Chromebook Flip C302CA-DHM4 12.5in Touchscreen LCD 2 in 1 Chromebook"|"antonline_1189"
"12.5in C302CA-DHM4 64GB Chromebook Flip"|"bhphotovideo_7"
"Alienware 17 GTX 1070 VR Ready Gaming Laptop"|"cukusa_35"
"Alienware - 17.3in Laptop - Intel Core i7 - 16GB Memory - NVIDIA GeForce GTX 1070 OC Edition - 1TB + 8GB Hybrid Hard Drive - Epic Silver"|"bestbuy_138"
"Dell AW17R5-7092SLV 17.3in Alienware R5 i7-8750H 16GB RAM 1TB Gaming Notebook Laptop"|"buydig_46"
"HP - Pavilion x360 2-in-1 15.6in Touch-Screen Laptop - Intel Core i5 - 8GB Memory - 256GB Solid State Drive - HP Finish In Natural Silver And Ash Silver"|"bestbuy_675"
"HP Pavilion x360 2 in1 15.6in IPS Touch Screen Laptop Intel Core i5 (8th Gen) 8GB RAM 256GB SSD Silver"|"antonline_288"
"HP ProBook x360 440 G1 14in Touchscreen LCD 2 in 1 Notebook"|"antonline_197"
"HP Inc.?Smart Buy ProBook x360 440 G1 Intel Core i3-8130U Dual-Core 2.20GHz Convertible Notebook PC - 4GB RAM 128GB SSD 14in Touchscreen LED FHD UWVA Display 10/100/1000 Intel 8265 AC 2x2 WiFi + Bluetooth 4.2 720p HD Webcam 3-Cell 48 WHr Battery?(4PY44UTABA)"|"macmall_690"
"HP ProBook x360 440 G1"|"howardcomputer_1731"
"Microsoft?Surface Laptop 7th Gen Intel Core i7-7660U Dual-Core 2.5GHz 8GB RAM 256GB SSD 13.5in touchscreen 2256 x 1504 Intel Iris Plus Graphics 640 Wi-Fi Bluetooth Microsoft Windows 10 Pro - Platinum kbd: English North America - commercial?(JKQ-00001)"|"macmall_80"
"Microsoft?Surface Laptop 7th Gen Intel Core i7-7660U Dual-Core 2.5GHz 8GB RAM 256GB SSD 13.5in touchscreen 2256 x 1504 Intel Iris Plus Graphics 640 Wi-Fi Bluetooth Microsoft Windows 10 Pro - Burgundy kbd: English North America - commercial?(JKQ-00036)"|"macmall_72"
"Microsoft Surface Laptop"|"howardcomputer_209"
"Hewlett Packard 14in ZBook14uG5 i78650U 8GB/256"|"buydig_451"
"Hp commercial specialty 3ye09utaba 14 zbook14ug5 i78650u 8gb/256"|"massgenie_415"
"HP ZBook 14u G5 14in Touchscreen LCD Mobile Workstation"|"antonline_249"
"HP 3YE09UT-ABA 14 in. ZBook 14u G5 i78650U 8 & 256 GB LCD Mobile Workstation Turbo Silver"|"massgenie_324"
"ASUS - Strix GL504GS 15.6in Laptop - Intel Core i7 - 16GB Memory - NVIDIA GeForce GTX 1070 - 1TB HDD + 256GB SSD - Black"|"bestbuy_322"
"Alienware AW17R4-7345SLV-PUS 17in Laptop (7th Generation Intel Core i7 16GB RAM 1TB HDD Silver) VR Ready with NVIDIA GTX 1070"|"electronicsface_87"
"ASUS ROG Strix GL504GS DS74"|"howardcomputer_1011"
"Asus ROG Strix SCAR II GTX 1070 Gaming Laptop [GL504GS-DS74]"|"cukusa_3"
"Lenovo IdeaPad Flex 5-1570 81CA000UUS 15.6in Touchscreen LCD 2 in 1 Notebook"|"antonline_873"
"Lenovo - 2-in-1 15.6in Touch-Screen Laptop - Intel Core i7 - 8GB Memory - NVIDIA GeForce MX130 - 256GB Solid State Drive - Onyx Black"|"bestbuy_730"
"Lenovo 81CA000UUS Ip flex 5 15.6 i7 8gb 256gb"|"savingslots_414"
"Samsung Chromebook Pro XE510C24-K01US 12.3in Touchscreen LCD 2 in 1 Chromebook"|"antonline_947"
"Samsung Chromebook Pro Laptop Computer"|"abt_27"
"Asus VivoBook F542UA-DH71 15.6in LCD Notebook"|"antonline_1101"
"Dell i5-8250U/ 8GB/256SSD/ W10/ 15.6in"|"sdicraft_177"
"Dell Inspiron 15 5570 15.6in Laptop Computer Intel Core i5-8250U"|"rlsteinway_35"
"ASUS F542UA-DH71 INTEL CORE I7 7500U 2.7GHZ"|"techcrave_1788"
"Lenovo ThinkPad E485 20KU001KUS 14in LCD Notebook"|"antonline_521"
"Lenovo 80YQ0002US 710s touch 13.3 i7 8gb 512gb"|"savingslots_484"
"HP COMMERCIAL SPECIALTY 1NL43UTABA ZBk17G4 i77820HQ 16G 1TB 17.3"|"massgenie_109"
"HP ZBook 17 G4 17.3in LCD Mobile Workstation"|"antonline_266"
"HP Commercial Specialty V2W08UT-ABA ZBk3 15 i7 6700 256G 8G W7 10 Laptop Workstation"|"massgenie_347"
"Lenovo 81F5000EUS Ip 330s 15.6 i5 8gb 256gb"|"savingslots_504"
"HP - ProBook 15.6in Laptop - Intel Core i5 - 4GB Memory - 500GB Hard Drive - Silver"|"bestbuy_692"
"HP Inc.?ProBook 450 G5 - 8th Gen Intel Core i5 8250U / 1.6 GHz - Win 10 Pro 64-bit - 4 GB RAM - 500 GB HDD - 15.6in TN 1366 x 768 (HD) - UHD Graphics 620 - Wi-Fi Bluetooth - kbd: US?(2ST02UTABA)"|"pcmg_15"
"HP Inc.?ProBook 450 G5 - 8th Gen Intel Core i5 8250U / 1.6 GHz - Win 10 Pro 64-bit - 4 GB RAM - 500 GB HDD - 15.6in TN 1366 x 768 (HD) - UHD Graphics 620 - Wi-Fi Bluetooth - kbd: US?(2ST02UTABA)"|"macmall_348"
"HP EliteBook 1030 x360 G2 - 13.3in FHD Intel i7-7600U - 16GB - 256 GB NVME -  HD 615 - BT - backlit - HD cam - W10P-64 - 1UN43USABA"|"nautilusnet_7"
"HP EliteBook 1040 G4 14in Touchscreen LCD Notebook"|"antonline_369"
"Hp commercial remarketing 2xu38utaba excess ts 14.0uhd i5 16g 512g"|"massgenie_853"
"Lenovo 720S-15IKB 81AC"|"howardcomputer_1159"
"HP ZBook 15u G3 15.6in Mobile Workstation"|"antonline_162"
"HP Inc.?ZBook 17 G4 Mobile Workstation - Intel Core i7-7820HQ 3.9GHz - 16GB DDR4 - 1TB HDD - 17.3in FHD Display 1920x1080 - 6GB NVIDIA Quadro P3000 - 4x USB 3.0 - Bluetooth 4.2 - Win 10 Pro 64-bit?(1NL41UTABA)"|"macmall_309"
"HP ZBook 17 G4 17.3in LCD Mobile Workstation"|"antonline_389"
"Lenovo ThinkPad E480 20KN"|"howardcomputer_1599"
"Lenovo?ThinkPad E480 20KN - Core i5 7200U / 2.5 GHz - Win 10 Pro 64-bit - 4 GB RAM - 500 GB HDD - 14in TN 1366 x 768 (HD) - HD Graphics 620 - Wi-Fi Bluetooth - black?(20KN003TUS)"|"macmall_275"
"Lenovo - ThinkPad E480 14in Laptop - Intel Core i5 - 4GB Memory - 500GB Hard Drive - Black"|"bestbuy_799"
"Lenovo?ThinkPad E480 20KN - Core i5 8250U / 1.6 GHz - Win 10 Pro 64-bit - 8 GB RAM - 256 GB SSD TCG Opal Encryption 2 NVMe - 14in IPS 1920 x 1080 (Full HD) - UHD Graphics 620 - Wi-Fi Bluetooth - black?(20KN003XUS)"|"macmall_262"
"TPSLLR THINKPAD E480 I5-8250U (20KN003XUS) (0192158696614) (LENOVO - TOPSELLER THINK)"|"microcart_141"
"Lenovo - ThinkPad E480 14in Laptop - Intel Core i5 - 8GB Memory - 256GB Solid State Drive - Black"|"bestbuy_800"
"Hewlett Packard 1NM38UT-ABA 13.3 in. 256 GB Smart Buy Elitebook Notebook"|"massgenie_279"
"Hewlett Packard 15in  i3 8130  8G 1T TCH W10 2c"|"buydig_377"
"Hewlett Packard ProBook 470 G5 Notebook PC - 2TT74UTABA"|"buydig_392"
"Lenovo - 720S-15IKB 15.6in Laptop - Intel Core i7 - 4GB Memory - NVIDIA GeForce GTX 1050 Ti Max-Q - 256GB Solid State Drive - Iron Gray"|"bestbuy_749"
"HP - Envy 13.3in Touch-Screen Laptop - Intel Core i7 - 8GB Memory - 256GB Solid State Drive - HP Finish In Natural Silver"|"bestbuy_647"
"HP 13-AH0010NR Envy 13.3&ampquot Touch-Screen Laptop Intel Core i7 8GB Memory 256GB Solid State Drive Finish In Natural Silver "|"truecurate_225"
"Lenovo IdeaPad 720S-15IKB 81AC003EUS 15.6in LCD Notebook"|"antonline_541"
"Hewlett Packard 13-AH0010NR ENVY 13.3in i7-8550U 8GB RAM 256GB Touch Laptop w/ Amazon Alexa"|"buydig_23"
"Lenovo Legion Y520 15.6in 8GB 1TB Full HD IPS Gaming Laptop - 80YY0090US"|"buydig_55"
"Lenovo ThinkPad X1 Yoga 20LD"|"howardcomputer_123"
"Dell - Latitude 14in Laptop - Intel Core i7 - 16GB Memory - 256GB Solid State Drive"|"bestbuy_485"
"Dell Latitude 5000 5491 14in LCD Notebook"|"antonline_724"
"Dell 14in i7 8850H 16GB 256GB"|"buydig_197"
"HP Business V1H19UT-ABA 850 i5-6300U 15.6 8G 256 7 & 10 Laptop"|"massgenie_582"
"HP EliteBook 850 G3 15.6in Notebook"|"antonline_227"
"Asus Chromebook Flip C213SA-YS02 11.6in Touchscreen LCD 2 in 1 Chromebook"|"antonline_1126"
"Lenovo ThinkPad T580 20L9001FUS 15.6in Touchscreen LCD Notebook"|"antonline_986"
"HP EliteBook 1040 G4 14in LCD Notebook"|"antonline_321"
"Hewlett Packard 1040 G4 i77500U 8GB 256GB 14in"|"buydig_276"
"HP - EliteBook 14in Laptop - Intel Core i7 - 8GB Memory - 256GB Solid State Drive - Natural Silver Diamond Cut Design"|"bestbuy_618"
"EB1040G4 i7-7500U 14 8GB-256 PC U.S. - English localization"|"kaizyr_104"
"Dell - Latitude 14in Laptop - Intel Core i5 - 8GB Memory - 256GB Solid State Drive"|"bestbuy_473"
"HP - ProBook 15.6in Laptop - Intel Core i7 - 8GB Memory - 256GB Solid State Drive - Black"|"bestbuy_696"
"Dell Latitude 5000 5491 14in LCD Notebook"|"antonline_725"
"HP V1H66UT Zbk3 15 i7 6500u 512g 16g w10"|"savingslots_184"
"HP EliteBook x360 1020 G2 12.5in Touchscreen LCD 2 in 1 Notebook"|"antonline_379"
"Hewlett Packard 1020EBG2 i77500U 8GB 256G 12.5"|"buydig_460"
"HP EliteBook 830 G5 13.3in LCD Notebook"|"antonline_365"
"HP 15-db0000 15-db0040nr 15.6in Touchscreen LCD Notebook"|"antonline_286"
"HP - 15.6in Touch-Screen Laptop - AMD Ryzen 5 - 8GB Memory - 1TB Hard Drive - HP Finish In Smoke Gray And Ash Silver"|"bestbuy_584"
"HP 15DB0040NR 15 ryz5 2500 8g 1t tch w10 2c"|"savingslots_599"
"ASUS VivoBook X540YA DB02"|"howardcomputer_1055"
"Lenovo ThinkPad X1 Yoga Silver Laptop Computer"|"abt_117"
"Lenovo?ThinkPad X1 Yoga 20LF - Flip design - Core i5 8250U / 1.6 GHz - Win 10 Pro 64-bit - 8 GB RAM - 256 GB SSD TCG Opal Encryption 2 NVMe - 14in IPS touchscreen 1920 x 1080 (Full HD) - UHD Graphics 620 - Wi-Fi Bluetooth - silver?(20LF000JUS)"|"macmall_542"
"Lenovo ThinkPad X1 Yoga 3rd Gen 20LF000JUS 14in Touchscreen LCD 2 in 1 Ultrabook"|"antonline_1032"
"Lenovo ThinkPad T580 20L9001KUS 15.6in LCD Notebook"|"antonline_636"
"Dell LATI5590K7G13 15.6 i7 8650u 8gb 256gb ssd"|"savingslots_272"
"Dell Inspiron 15 Gaming 7577"|"howardcomputer_1751"
"Asus ZenBook Flip 14 UX461UA-DS51T 14in Touchscreen LCD Notebook"|"antonline_1047"
"Dell 14in i5 8350U 8gb 500GB SATA"|"buydig_479"
"Asus ZenBook Flip Slate Gray Notebook Computer"|"abt_34"
"Dell Latitude 5490 14in LCD Notebook"|"antonline_1060"
"Lenovo 81EU0008US Ip 530s 14 i5 8gb 256gb"|"savingslots_513"
"Lenovo?330-15IKBR 81DE - Core i5 8250U / 1.6 GHz - Win 10 Home 64-bit - 8 GB RAM - 1 TB HDD (16 GB SSD cache) - DVD-Writer - 15.6in TN 1366 x 768 (HD) - UHD Graphics 620 - Wi-Fi Bluetooth - platinum gray?(81DE01M2US)"|"macmall_521"
"Lenovo IdeaPad 330-15IKB 81DE01M2US 15.6in LCD Notebook"|"antonline_587"
"Lenovo IdeaPad 530S-14IKB 81EU0008US 14in LCD Notebook"|"antonline_594"
"Lenovo - 530S-14IKB 14in Laptop - Intel Core i5 - 8GB Memory - 256GB Solid State Drive - Onyx Black"|"bestbuy_745"
"Hewlett Packard 15.6in 650G4 i57200U 4GB/500 PC"|"buydig_324"
"HP EliteBook 1040 G3 14in Notebook"|"antonline_362"
"HP ProBook 450 G5 15.6in LCD Notebook"|"antonline_56"
"Lenovo IdeaPad 330 Touch-15ARR 81D30001US 15.6in Touchscreen LCD Notebook"|"antonline_706"
"Lenovo?ThinkPad P71 Intel Core i7-7700HQ Quad-Core 2.80GHz Notebook PC - 8GB RAM 500GB HDD 17.3in FHD IPS LCD Gigabit Ethernet 802.11ac Bluetooth 4.1 Fingerprint Reader - Black?(20HK0013US)"|"macmall_308"
"Lenovo 20hk0013us p71win10pi78gb500gb3yr"|"massgenie_756"
"HP Inc.?SmartBuy ProBook 650 G4 8th Gen Intel Core i5-8250U 1.6GHz - 8GB RAM 256GB SSD NVMe 15.6in 1366 x 768 (HD) DVD-Writer UHD Graphics 620 Wi-Fi Bluetooth Windows 10 Pro 64-bit?(3YG31UTABA)"|"pcmg_216"
"HP ProBook 650 G4"|"howardcomputer_829"
"HP EliteBook 850 G4"|"antonline_413"
"HP - EliteBook 15.6in Laptop - Intel Core i5 - 8GB Memory - 256GB Solid State Drive - Silver"|"bestbuy_637"
"HP Inc.?Smart Buy EliteBook 850 G4 Intel Core i5-7200U 2.5GHz Notebook PC - 8GB RAM 256GB SSD 15.6in LED-backlit HD SVA Anti-Glare Gigabit Ethernet 8265 AC 2x2 WiFi Bluetooth 4.2 Webcam 3-Cell 51Whr Li-Ion Polymer Long Life Battery?(1BS46UTABA)"|"pcmg_531"
"HP 15.6in EliteBook 850 G4 Notebook"|"sdicraft_170"
"ASUS - VivoBook Flip 14 TP412UA 2-in-1 14in Touch-Screen Laptop - Intel Core i5 - 8GB Memory - 256GB Solid State Drive - Star Gray"|"bestbuy_344"
"Asus VivoBook Flip 14 TP412UA-DB51T 14in Touchscreen LCD Notebook"|"antonline_571"
"Lenovo ThinkPad E580 15.6&ampquot Full HD Business Laptop 20KS003LUS"|"cukusa_18"
"HP Pavilion 15.6in IPS Laptop Intel Core i5 (8th Gen) Quad Core 8GB RAM 1TB HDD Ceramic White"|"antonline_158"
"Hewlett Packard 15in  i5 8250  8G 1T TCH W10 2c"|"buydig_380"
"HP ProBook 450 G3 15.6in LCD Notebook Intel Core i5 8GB RAM 500 GB HDD Black"|"antonline_213"
"HP - Pavilion x360 2-in-1 14in Touch-Screen Laptop - Intel Core i5 - 8GB Memory - 256GB Solid State Drive - Silk Gold HP Finish In Natural Silver"|"bestbuy_674"
"Lenovo IdeaPad 730S-13IWL 81JB0004US 13.3in LCD Notebook"|"antonline_480"
"HP 14-BA110NR Pavilion x360 2-in-1 14&ampquot Touch-Screen Laptop Intel Core i5 8GB Memory 256GB Solid State Drive Silk Gold Finish In Natural Silver "|"truecurate_307"
"HP - ProBook 15.6in Laptop - Intel Core i5 - 4GB Memory - 500GB Hard Drive - Black"|"bestbuy_691"
"Lenovo?ThinkPad E480 20KN 7th Gen Intel Core i3-7020U Dual-Core 2.30GHz Notebook PC - 4GB RAM 500GB HDD 14in HD (1366x768) TN Display Intel HD Graphics 620 802.11ac Wi-Fi Bluetooth 4.1 Windows 10 Pro 64-bit - Black?(20KN008GUS)"|"macmall_108"
"Lenovo?ThinkPad P52s 20LB 8th Gen Intel Core i7 8650U / 1.9 GHz - Win 10 Pro 64-bit - 16 GB RAM - 1 TB SSD TCG Opal Encryption 2 NVMe - 15.6in IPS 1920 x 1080 (Full HD) - Quadro P500 / UHD Graphics 620 - Wi-Fi Bluetooth - WWAN upgradable - Black?(20LB0019US)"|"macmall_271"
"Lenovo ThinkPad P52s 20LB0019US 15.6in LCD Mobile Workstation Ultrabook"|"antonline_887"
"HP OMEN X 17.3in LCD Notebook Intel Core i7 16GB RAM 1TB HDD 256GB SSD"|"antonline_260"
"Lenovo?ThinkPad P52s 20LB 8th Gen Intel Core i7 8650U / 1.9 GHz - Win 10 Pro 64-bit - 16 GB RAM - 1 TB SSD TCG Opal Encryption 2 NVMe - 15.6in IPS 1920 x 1080 (Full HD) - Quadro P500 / UHD Graphics 620 - Wi-Fi Bluetooth - WWAN upgradable - Black?(20LB0019US)"|"pcmg_416"
"HP ZBook 15 G4 15.6in LCD Mobile Workstation"|"antonline_340"
"Hewlett Packard 11-v010nr 11.6in HD Chromebook - Intel Celeron N3060 Processor"|"buydig_14"
"Lenovo?ThinkPad X1 Yoga 20LD Flip design 8th Gen Intel Core i5-8350U Quad-Core 1.7GHz - 16GB RAM 256GB SSD TCG Opal Encryption 2 NVMe 14in IPS touchscreen 1920 x 1080 (Full HD) UHD Graphics 620 Wi-Fi Bluetooth Microsoft Windows 10 Pro 64-bit - Black?(20LD001DUS)"|"macmall_373"
"Lenovo?ThinkPad X1 Carbon 20KH - Ultrabook - Core i5 8250U / 1.6 GHz - Win 10 Pro 64-bit - 8 GB RAM - 256 GB SSD TCG Opal Encryption 2 NVMe - 14in IPS 1920 x 1080 (Full HD) - UHD Graphics 620 - Wi-Fi Bluetooth - black?(20KH002SUS)"|"pcmg_430"
"Lenovo - ThinkPad X1 Carbon 14in Laptop - Intel Core i5 - 8GB Memory - 256GB Solid State Drive - Black"|"bestbuy_821"
"HP - EliteBook 14in Laptop - Intel Core i7 - 16GB Memory - 512GB Solid State Drive - Silver"|"bestbuy_617"
"HP ZBook Studio G4 15.6in LCD Mobile Workstation"|"antonline_341"
"HP 250 G6"|"howardcomputer_2277"
"Hewlett Packard 745G5 R7-2700U 14 8GB/256 PC"|"buydig_162"
"ASUS ROG Strix Scar Edition GL703GS-DS74 17.3in Gaming Laptop"|"antonline_845"
"Lenovo - ThinkPad T480s 14in Laptop - Intel Core i7 - 16GB Memory - 512GB Solid State Drive - Black"|"bestbuy_816"
"Lenovo ThinkPad E580 20KS"|"howardcomputer_821"
"Lenovo - ThinkPad E580 15.6in Laptop - Intel Core i5 - 8GB Memory - 256GB Solid State Drive - Black Black"|"bestbuy_803"
"Lenovo ThinkPad E580 20KS003QUS 15.6in LCD Notebook"|"antonline_876"
"Lenovo?ThinkPad E580 20KS - Core i5 7200U / 2.5 GHz - Win 10 Pro 64-bit - 8 GB RAM - 256 GB SSD TCG Opal Encryption 2 NVMe - 15.6in IPS 1920 x 1080 (Full HD) - HD Graphics 620 - Wi-Fi Bluetooth - black (LCD cover) black (top cover)?(20KS003QUS)"|"pcmg_478"
"Lenovo - ThinkPad T480 14in Laptop - Intel Core i5 - 8GB Memory - 500GB Hard Drive - Black"|"bestbuy_812"
"Lenovo 20L5004HUS ThinkPad T480 14&ampquot Laptop Intel Core i5 8GB Memory 500GB Hard Drive Black "|"truecurate_399"
"HP ProBook x360 440 G1 14in Touchscreen LCD 2 in 1 Notebook"|"antonline_174"
"Hewlett Packard PB360 440G1 i58250U 8G 256G 14"|"buydig_277"
"HP Inc.?Smart Buy ProBook 650 G2 Intel Core i5-6300U Dual-Core 2.40GHz Notebook PC - 8GB RAM 500GB HDD 15.6in FHD LED DVD+/-RW SuperMulti Gigabit Ethernet 802.11a/b/g/n Bluetooth Webcam 3-cell (48 WHr) Li-Ion Prismatic?(V1P79UTABA)"|"pcmg_202"
"Hewlett Packard 14in 1040G4 i7-7500U 8GB/512PC"|"buydig_310"
"Lenovo?ThinkPad X1 Yoga 20LD - Flip design - 8th Gen Intel Core i5 8250U / 1.6 GHz - Win 10 Pro 64-bit - 8 GB RAM - 256 GB SSD TCG Opal Encryption 2 NVMe - 14in IPS touchscreen 1920 x 1080 (Full HD) - UHD Graphics 620 - Wi-Fi Bluetooth - black?(20LD001GUS)"|"pcmg_502"
"15.6in IdeaPad 330 Multi-Touch Notebook"|"bhphotovideo_75"
"ASUS - 13.3in Laptop - Intel Core i7 - 8GB Memory - 256GB Solid State Drive - Icicle Gold"|"bestbuy_279"
"Hewlett Packard ZBk3 15 i7 6700 1T 8G W7 10"|"buydig_158"
"HP Inc.?Smart Buy ZBook 15 G3 Intel Core i7-6700HQ Quad-Core 2.60GHz Mobile Workstation - 8GB RAM 1TB HDD 15.6in LED FHD Gigabit Ethernet 802.11ac Bluetooth Webcam TPM + Fingerprint Reader 9-cell 90 Wh Li-Ion Polymer?(V2W06UTABA)"|"macmall_133"
"Hp Commercial Specialty V2W06UtAba Zbk3 15 I7 6700 1T 8G W7 10"|"massgenie_772"
"HP 1GE40UT EliteBook 14&ampquot Laptop Intel Core i5 8GB Memory 256GB Solid State Drive Silver "|"truecurate_3"
"HP - EliteBook 14in Laptop - Intel Core i5 - 8GB Memory - 256GB Solid State Drive - Silver"|"bestbuy_613"
"Lenovo - 17.3in Laptop - Intel Core i5 - 16GB Memory - NVIDIA GeForce GTX 1050 Ti - 1TB Hard Drive + 128GB Solid State Drive - Black"|"bestbuy_724"
"Lenovo?ThinkPad T480 20L5 8th Gen Intel Core i7-8550U Quad-Core 1.80GHz Notebook PC - 8GB RAM 256GB SSD M.2 PCIe NVMe Opal2 14in FHD (1920x1080) IPS Display Intel UHD Graphics 620 Intel 8265ac 2x2 + BT4.1 720p Camera Windows 10 Pro 64 - TopSeller?(20L5000UUS)"|"pcmg_10"
"Lenovo ThinkPad T480 Laptop [20L5000UUS]"|"cukusa_75"
"Dell LATI5490T5Y8D Latitude 14&ampquot Laptop Intel Core i7 8GB Memory 256GB Solid State Drive "|"truecurate_115"
"HP 4TK38UT 645g4 r7-2700u 14 8gb/500 pc"|"savingslots_475"
"Lenovo?ThinkPad E580 20KS 7th Gen Intel Core i3-7020U Dual-Core 2.30GHz Notebook PC - 4GB RAM 500GB HDD 15.6in HD (1366x768) Display Intel HD Graphics 620 Wi-Fi Bluetooth Windows 10 Pro 64-bit - Black?(20KS008JUS)"|"macmall_295"
"Lenovo IdeaPad 330-15ARR 81D200AMUS 15.6in LCD Notebook"|"antonline_535"
"ASUS - ASUSPRO P2540UB 15.6in Laptop - Intel Core i5 - 8GB Memory - NVIDIA GeForce MX110 - 256GB Solid State Drive - Black"|"bestbuy_299"
"Lenovo 81EU000HUS 530S-14IKB 14&ampquot Laptop Intel Core i5 8GB Memory 128GB Solid State Drive Onyx Black "|"truecurate_347"
"Lenovo 80X50003US 15.6&ampquot Laptop Intel Core i5 8GB Memory NVIDIA GeForce 920MX 1TB Hard Drive Platinum silver "|"truecurate_48"
"Lenovo?330-15ICH 81FK - Core i7 8750H / 2.2 GHz - Win 10 Home 64-bit - 12 GB RAM - 1 TB HDD (16 GB SSD cache) - 15.6in TN 1920 x 1080 (Full HD) - GF GTX 1050 / UHD Graphics 630 - Wi-Fi Bluetooth - onyx black?(81FK009UUS)"|"macmall_520"
"Asus C302CA-DHM4 Flip 12.5&ampquot Touch-Screen Chromebook Intel Core m3 4GB Memory 64GB eMMC Flash Metallic gray "|"truecurate_329"
"HP Inc.?Pavilion x360 15-cr0077nr - Flip design - 8th Gen Intel Core i5 8250U / 1.6 GHz - Windows 10 Home - 8 GB RAM - 256 GB SSD NVMe - 15.6in IPS touchscreen 1920 x 1080 (Full HD) - UHD Graphics 620 - Wi-Fi Bluetooth?(3VQ45UAABA)"|"macmall_409"
"Microsoft?Surface Laptop 7th Gen Intel Core i7-7660U Dual-Core 2.5GHz 8GB RAM 256GB SSD 13.5in touchscreen 2256 x 1504 Intel Iris Plus Graphics 640 Wi-Fi Bluetooth Microsoft Windows 10 Pro - Burgundy kbd: English North America - commercial?(JKQ-00036)"|"pcmg_156"
"HP Inc.?ZBook 14u G5 8th Gen Intel Core i7-8650U 1.9GHz Workstation - 8GB RAM 256GB SSD  Z Turbo Drive NVMe 14in IPS Touchscreen 1920 x 1080 (Full HD) Radeon Pro WX 3100 / HD Graphics 620 WiFi Bluetooth Microsoft Windows 10 Pro 64-bit - Turbo Silver?(3YE09UTABA)"|"pcmg_672"
"Lenovo Flex 5 15.6in Core i7 8550U 8GB RAM 256GB SSD 2-in-1 Laptop - 81CA000UUS"|"buydig_66"
"Samsung Chromebook Pro 12.3in - Black Intel Core M3-6Y30 Processor 900MHz  Chrome OS  4GB LPDDR3 RAM  32GB eMMC"|"microcenter_3"
"HP 2UL93UT 1040 g4 i57300u 8gb 256gb 14"|"savingslots_212"
"HP EliteBook 1040 G4 14in LCD Notebook"|"antonline_221"
"HP EliteBook 1040 G4 - 14.0in FHD Intel i5-7300U - 8GB - 256 GB SSD - HD 620 - BT - backlit - HD cam - W10P-64 - 2UL93UTABA"|"nautilusnet_2"
"HP Inc.?ZBook 14u G5 8th Gen Intel Core i5-8350U Quad-Core 1.7GHz Mobile Workstation - 8GB RAM 256GB SSD  Z Turbo Drive NVMe 14in IPS Touchscreen 1920 x 1080 (Full HD) Radeon Pro WX 3100 / HD Graphics 620 Wi-Fi Bluetooth - turbo silver - kbd: US?(3YE06UTABA)"|"macmall_207"
"HP Inc.?ZBook 14u G5 8th Gen Intel Core i5-8350U Quad-Core 1.7GHz Mobile Workstation - 8GB RAM 256GB SSD  Z Turbo Drive NVMe 14in IPS Touchscreen 1920 x 1080 (Full HD) Radeon Pro WX 3100 / HD Graphics 620 Wi-Fi Bluetooth - turbo silver - kbd: US?(3YE06UTABA)"|"pcmg_350"
"HP ZBook 15v G5 15.6in Touchscreen LCD Mobile Workstation"|"antonline_150"
"Dell I55705395SLV Inspiron 15.6&ampquot Laptop Intel Core 8GB Memory 256GB Solid State Drive Silver "|"truecurate_34"
"Lenovo - ThinkPad X1 Carbon 14in Laptop - Intel Core i7 - 16GB Memory - 1TB Solid State Drive - Black"|"bestbuy_822"
"Lenovo ThinkPad X1 Carbon 6th Gen 20KH002FUS 14in LCD Ultrabook"|"antonline_648"
"Acer C9103916 15.6&ampquot Chromebook Intel Core i3 4GB Memory 32GB Solid State Drive Black "|"truecurate_125"
"Acer - 15.6in Chromebook - Intel Core i3 - 4GB Memory - 32GB Solid State Drive - Black"|"bestbuy_18"
"HP Inc.?ZBook 15 G5 8th Gen Intel Core i7-8750H 6-Core 2.20GHz Notebook PC - 16GB RAM 512GB PCIe NVMe SSD 15.6in FHD (1920x1080) eDP LED-backlit Touchscreen Display Intel UHD Graphics 630 GbE WiFi Bluetooth Webcam Windows 10 Pro 64 - Smart Buy?(4RB08UTABA)"|"macmall_120"
"HP Inc.?ZBook 15 G5 8th Gen Intel Core i7-8750H 6-Core 2.20GHz Notebook PC - 16GB RAM 512GB PCIe NVMe SSD 15.6in FHD (1920x1080) eDP LED-backlit Touchscreen Display Intel UHD Graphics 630 GbE WiFi Bluetooth Webcam Windows 10 Pro 64 - Smart Buy?(4RB08UTABA)"|"pcmg_148"
"Acer?Swift 5 SF514-52TP-52LH 8th Gen Intel Core i5-8250U Quad-core 1.60 GHz Notebook PC - 8GB RAM 256GB SSD 14in Full HD (1920x1080) 16:9 IPS-Pro CineCrystal Display Intel UHD Graphics 620 802.11ac WLAN Microsoft Windows 10 Pro?(NX.H0DAA.001)"|"macmall_333"
"Acer?Swift 5 SF514-52TP-52LH 8th Gen Intel Core i5-8250U Quad-core 1.60 GHz Notebook PC - 8GB RAM 256GB SSD 14in Full HD (1920x1080) 16:9 IPS-Pro CineCrystal Display Intel UHD Graphics 620 802.11ac WLAN Microsoft Windows 10 Pro?(NX.H0DAA.001)"|"pcmg_192"
"Acer 14in Ci58250U 8G 256SSD W10P"|"buydig_406"
"Acer SF51452TP52LH 14 ci58250u 8g 256ssd w10p"|"savingslots_433"
"Lenovo - ThinkPad X1 Carbon 14in Touch-Screen Laptop - Intel Core i7 - 16GB Memory - 512GB Solid State Drive - Black"|"bestbuy_825"
"MSI GT83 Gaming Laptop 17.3in Intel Core i7-8850H NVIDIA GeForce GTX 1080 SLI 8GB 512GB SSD + 1TB HDD Storage 32GB RAM TITAN-014"|"walmart_458"
"MSI GT83 TITAN-014 GTX 1080 SLI VR Ready Gaming Laptop"|"cukusa_64"
"Lenovo 81AC002KUS 720S-15IKB 15.6&ampquot Laptop Intel Core i7 8GB Memory NVIDIA GeForce GTX 1050 Ti Max-Q 512GB Solid State Drive Iron Gray "|"truecurate_69"
"Lenovo - 720S-15IKB 15.6in Laptop - Intel Core i7 - 8GB Memory - NVIDIA GeForce GTX 1050 Ti Max-Q - 512GB Solid State Drive - Iron Gray"|"bestbuy_750"
"HP 17.3in ZBook 17 G4 Mobile Workstation"|"sdicraft_458"
"Lenovo ThinkPad X380 Yoga 13.3in 2-in-1 Laptop Computer - Black Intel Core i7-8650U Processor 1.9GHz  16GB DDR4 RAM  512GB Solid State Drive  Intel UHD Graphcis 620"|"microcenter_56"
"Dell XPS9570MCMG6 15.6 i5 8300h 8gb 128gb"|"savingslots_197"
"Dell XPS 9570 15.6in Intel Core i5 (8th Gen) LCD Notebook 8GB 128GB SSD"|"antonline_565"
"Dell commercial mcmg6 15.6 i5 8300h 8gb 128gb"|"massgenie_604"
"Dell - Latitude 14in Laptop - Intel Core i5 - 4GB Memory - 500GB Hard Drive"|"bestbuy_464"
"Dell Latitude 5490 14in LCD Notebook"|"antonline_1061"
"Dell LATI54906J9XN Latitude 14&ampquot Laptop Intel Core 4GB Memory 500GB Hard Drive "|"truecurate_82"
"HP - ProBook 14in Laptop - Intel Core i5 - 4GB Memory - 500GB Hard Drive - Black"|"bestbuy_678"
"HP Inc.?ProBook 640 G2 - Core i5 6200U / 2.3 GHz - Win 7 Pro 64-bit (includes Win 10 Pro 64-bit License) - 4 GB RAM - 500 GB HDD - DVD SuperMulti - 14in 1366 x 768 (HD) - HD Graphics 520 - Bluetooth - kbd: US?(V1P72UTABA)"|"pcmg_674"
"Asus GL503VDDB74 ROG Strix 15.6&ampquot Laptop Intel Core i7 16GB Memory NVIDIA GeForce GTX 1050 1TB Hard Drive + 256GB SSD Metallic Black "|"truecurate_104"
"Asus ROG Strix GL503VD-DB74 15.6in Full HD - [256GB SSD + 1TB HDD] - Core i7-7700HQ GTX 1050 Ultrabook Laptop"|"walmart_292"
"Asus GL503VDDB74 15.6 in. ROG Strix Laptop - Intel Core i7 16GB Memory NVIDIA GeForce GTX 1050 & 1TB Hard Drive Plus 256GB SSD - ROG Metallic Black"|"massgenie_591"
"Hewlett Packard 15.6in EB850G5 i57300U 256GB 8G"|"buydig_371"
"Dell Latitude 3490"|"howardcomputer_2157"
"Dell 14in i3 7130U 4GB 500GB Sata"|"buydig_215"
"Dell Latitude 3490 14in Laptop Computer - Black Intel Core i3-7130U Processor 2.7GHz  Microsoft Windows 10 Pro  4GB DDR4 RAM  500GB Hard Drive"|"microcenter_49"
"Dell?Latitude 3490 7th Gen Intel Core i3 7130U / 2.7 GHz - Win 10 Pro 64-bit - 4 GB RAM - 500 GB HDD - 14in 1366 x 768 (HD) - HD Graphics 620 - Wi-Fi Bluetooth - BTS - with 1 Year  Hardware Service with Onsite/In-Home Service After Remote Diagnosis?(5NCNT)"|"macmall_352"
"Dell?Latitude 3490 7th Gen Intel Core i3 7130U / 2.7 GHz - Win 10 Pro 64-bit - 4 GB RAM - 500 GB HDD - 14in 1366 x 768 (HD) - HD Graphics 620 - Wi-Fi Bluetooth - BTS - with 1 Year  Hardware Service with Onsite/In-Home Service After Remote Diagnosis?(5NCNT)"|"pcmg_501"
"Dell - Latitude 14in Laptop - Intel Core i5 - 8GB Memory - 256GB Solid State Drive - Black"|"bestbuy_474"
"Dell LATI7480J350V Latitude 14&ampquot Laptop Intel Core i5 8GB Memory 256GB Solid State Drive Black "|"truecurate_76"
"HP Inc.?EliteBook 1040 G3 - Core i5 6200U / 2.3 GHz - Win 10 Pro 64-bit - 8 GB RAM - 256 GB SSD - 14in 1920 x 1080 (Full HD) - HD Graphics 520 - Wi-Fi NFC Bluetooth - kbd: US?(Z2A00UTABA)"|"macmall_644"
"HP EliteBook 1040 G3 14in Notebook"|"antonline_225"
"HP 14in EliteBook 1040 G3 Notebook"|"sdicraft_217"
"MSI PS Series Aluminum Silver Laptop Computer"|"abt_101"
"MSI PS42 8RB-060 14in LCD Gaming Notebook"|"antonline_730"
"Lenovo 20KN003TUS ThinkPad E480 14&ampquot Laptop Intel Core i5 4GB Memory 500GB Hard Drive Black "|"truecurate_491"
"Dell - Inspiron 15.6in Laptop - Intel Core i5 - 8GB Memory - 1TB Hard Drive - Silver"|"bestbuy_411"
"Dell I55705644SLV Inspiron 15.6&ampquot Laptop Intel Core 8GB Memory 1TB Hard Drive Silver "|"truecurate_392"
"Asus GL503GEES52 ROG Strix Hero Edition 15.6&ampquot Laptop Intel Core i5 8GB Memory NVIDIA GeForce GTX 1050Ti 1TB+8GB SSHD + 128GB SSD Black "|"truecurate_310"
"ASUS - ROG Strix Hero Edition 15.6in Laptop - Intel Core i5 - 8GB Memory - NVIDIA GeForce GTX 1050Ti - 1TB+8GB SSHD + 128GB SSD - Black"|"bestbuy_315"
"ASUS ROG Strix Gaming Laptop 15.6in Intel Core i5-8300H NVIDIA GeForce GTX 1050 Ti 4GB 128GB SSD + 1TB SSHD Storage 8GB RAM GL503GE-ES52"|"walmart_54"
"HP EliteBook x360 1030 G2 13.3in Touchscreen LCD 2 in 1 Notebook"|"antonline_395"
"Lenovo?ThinkPad E480 20KN - Core i5 8250U / 1.6 GHz - Win 10 Pro 64-bit - 8 GB RAM - 256 GB SSD TCG Opal Encryption 2 NVMe - 14in IPS 1920 x 1080 (Full HD) - UHD Graphics 620 - Wi-Fi Bluetooth - black?(20KN003XUS)"|"pcmg_70"
"HP EliteBook 745 G5"|"howardcomputer_2273"
"HP EliteBook 745 G5 14in Touchscreen LCD Notebook"|"antonline_239"
"Dell Latitude 7000 7490 14.1in LCD Notebook"|"antonline_1051"
"Dell Latitude 7490"|"howardcomputer_883"
"Dell commercial w2w1d 14.1 hd i5 8350u 8gb 126gb m2"|"massgenie_827"
"HP 15-CR0076NR Pavilion x360 2-in-1 15.6&ampquot Touch-Screen Laptop Intel Core i3 8GB Memory 1TB Hard Drive Finish In Pale Gold And Ash Silver "|"truecurate_495"
"HP 17.3in ProBook 470 G5 Notebook"|"sdicraft_154"
"HP Inc.?Smart Buy ProBook 645 G4 AMD Ryzen 5 2500U Quad-Core 2GHz Notebook PC - 8GB DDR4 SDRAM 256GB SSD 14in LED HD SVA AMD Radeon Vega Graphics 10/100/1000 Intel 8265 AC 2x2 WiFi + Blutooth 4.2 720p HD Webcam Microsoft Windows 10 Pro 64-bit?(4LB46UTABA)"|"macmall_220"
"HP Inc.?Smart Buy ProBook 645 G4 AMD Ryzen 5 2500U Quad-Core 2GHz Notebook PC - 8GB DDR4 SDRAM 256GB SSD 14in LED HD SVA AMD Radeon Vega Graphics 10/100/1000 Intel 8265 AC 2x2 WiFi + Blutooth 4.2 720p HD Webcam Microsoft Windows 10 Pro 64-bit?(4LB46UTABA)"|"pcmg_360"
"Dell - Inspiron 15.6in 4K Ultra HD Laptop - Intel Core i7 - 16GB Memory - NVIDIA GeForce GTX 1060 - 1TB HDD + 512GB SSD - Matte Black"|"bestbuy_407"
"Dell BBY-GPY6MF0 Inspiron 15.6&ampquot 4K Ultra HD Laptop Intel Core i7 16GB Memory NVIDIA GeForce GTX 1060 1TB HDD + 512GB SSD Matte Black "|"truecurate_467"
"Lenovo?ThinkPad T580 20L9 8th Gen Intel Core i5-8350U Quad-Core 1.7GHz Notebook PC - 8GB RAM 256GB SSD TCG Opal Encryption 2 NVMe 15.6in IPS touchscreen 1920 x 1080 (Full HD) UHD Graphics 620 Wi-Fi Bluetooth Microsoft Windows 10 Pro 64-bit - Black?(20L9001FUS)"|"macmall_329"
"Lenovo?ThinkPad T580 20L9 8th Gen Intel Core i5-8350U Quad-Core 1.7GHz Notebook PC - 8GB RAM 256GB SSD TCG Opal Encryption 2 NVMe 15.6in IPS touchscreen 1920 x 1080 (Full HD) UHD Graphics 620 Wi-Fi Bluetooth Microsoft Windows 10 Pro 64-bit - Black?(20L9001FUS)"|"pcmg_411"
"HP EliteBook 850 G4 15.6in LCD Notebook"|"antonline_343"
"ASUS - ROG Strix Scar Edition 17.3in Laptop - Intel Core i7 - 16GB Memory - NVIDIA GeForce GTX 1060 - 1TB SSHD + 256GB SSD - Black"|"bestbuy_318"
"Dell commercial j3vwf 15.6 i7 8850h 16gb 512gb"|"massgenie_320"
"Dell - Latitude 15.6in Laptop - Intel Core i7 - 16GB Memory - 512GB Solid State Drive"|"bestbuy_529"
"HP ProBook 450 G5 15.6in LCD Notebook"|"antonline_323"
"HP Inc.?ProBook 450 G5 Notebook - 8th Gen Intel Core i5-8250U -  8 GB DDR4-2400 SDRAM (1 x 8 GB) -  256 GB PCIe NVMe SSD -  Intel HD Graphics 620 -  15.6in diagonal Full HD display -  Windows 10 Pro 64-bit?(2ST09UTABA)"|"pcmg_212"
"Acer - Aspire 3 15.6in Laptop - Intel Core i5 - 6GB Memory - 1TB Hard Drive - Obsidian Black"|"bestbuy_54"
"Acer A3155157Z4 Aspire 15.6&ampquot Laptop Intel Core i5 6GB Memory 1TB Hard Drive Obsidian Black "|"truecurate_164"
"MSI GS63VR Stealth Pro-674 15.6in LCD Gaming Notebook"|"antonline_1074"
"HP - Pavilion 15.6in Touch-Screen Laptop - Intel Core i3 - 8GB Memory - 1TB Hard Drive - HP Sand Blast Matte Finish In Mineral Silver"|"bestbuy_665"
"HP Pavilion 15.6in Laptop Intel Core i3 8GB RAM 1TB HDD Silver"|"antonline_204"
"15.6in Pavilion 15-cu0071nr Multi-Touch Notebook"|"bhphotovideo_73"
"HP V1H21UT EliteBook 15.6&ampquot Laptop Intel Core i7 8GB Memory 256GB Solid State Drive Silver "|"truecurate_256"
"Lenovo - ThinkPad X1 Yoga 2-in-1 14in Touch-Screen Laptop - Intel Core i7 - 16GB Memory - 512GB Solid State Drive - Black"|"bestbuy_828"
"Lenovo 80YY0090US Legion Y520 15.6&ampquot Laptop Intel Core i7 8GB Memory NVIDIA GeForce GTX 1060 Max-Q 1TB Hard Drive Black "|"truecurate_290"
"Lenovo - Legion Y520 15.6in Laptop - Intel Core i7 - 8GB Memory - NVIDIA GeForce GTX 1060 Max-Q - 1TB Hard Drive - Black"|"bestbuy_765"
"Lenovo - ThinkPad T480s 14in Touch-Screen Laptop - Intel Core i7 - 8GB Memory - 256GB Solid State Drive - Black"|"bestbuy_818"
"Lenovo?ThinkPad T480s Intel Core i7-8550U (1.80GHz 8MB) 14in FHD IPS Multitouch Display Windows 10 Pro 64 8GB RAM 1x256GB SSD PCIe Intel UHD 620 Bluetooth 4.1 720p HD Camera Backlit Keyboard Black 3-Year Depot?(20L70023US)"|"pcmg_439"
"Lenovo 81AC003EUS 720S-15IKB 15.6&ampquot Laptop Intel Core i7 4GB Memory NVIDIA GeForce GTX 1050 Ti Max-Q 256GB Solid State Drive Iron Gray "|"truecurate_452"
"Asus Transformer Book T101HA-C4-GR 10.1in Touchscreen 2 in 1 Notebook"|"antonline_1192"
"Acer - 15.6in Laptop - Intel Core i5 - 8GB Memory - NVIDIA GeForce MX150 - 1TB Hard Drive + 256GB Solid State Drive - Obsidian Black"|"bestbuy_22"
"Acer A51551G5067 15.6&ampquot Laptop Intel Core i5 8GB Memory NVIDIA GeForce MX150 1TB Hard Drive + 256GB Solid State Obsidian Black "|"truecurate_226"
"Acer?Aspire 5 A515-51G-5067 8th Gen Intel Core i5-8250U 1.6GHz Notebook PC - 8GB RAM 256GB SSD + 1TB HDD 15.6in IPS 1920 x 1080 (Full HD) NVIDIA GeForce MX150 Gigabit Ethernet 802.11ac wireless LAN Webcam 4-cell 3320mAh Li-ion?(NX.GTCAA.018)"|"pcmg_639"
"MSI - 17.3in Laptop - Intel Core i7 - 16GB Memory - NVIDIA GeForce GTX 1070 - 2TB Hard Drive + 256GB Solid State Drive - Aluminum Black"|"bestbuy_924"
"Dell I75777425BLK 15.6 i7  7700hq 16gb 128gb 1tb"|"savingslots_200"
"Dell i7577-7425BLK Inspiron 15.6in i7-7700HQ 16GB RAM 128GB Gaming Notebook Laptop"|"buydig_212"
"LENOVO 20KS008JUS E580W10Pi34GB500GB1YR"|"techcrave_205"
"ASUS P2540UB-XB51 Black 15.6 FHD (19201080) matte"|"techcrave_1830"
"Lenovo 15.6in Flex 5 Multi-Touch 2-in-1 Notebook"|"sdicraft_327"
"ASUS P2540UBXB51 15.6 8250u 8gb win 10 pro"|"savingslots_495"
"Hewlett Packard 15.6in 650 G2 i5-6200U 4G 500GB"|"buydig_252"
"Lenovo Ideapad 530s 14in i5 8250U 8GB 128GB Laptop"|"buydig_100"
"ASUS S530UA-DB51-RD VBOOK 15.6 INCH/I5-8250U/8GB"|"techcrave_1857"
"Dell G3 Gaming Laptop 15.6in Intel i5 (8th Gen) i5-8300H Quad-core NVIDIA GeForce GTX 1050 256SSD 8 GB DDR4 G3579-5965BLK"|"walmart_241"
"ASUS S530UADB51RD 15.6 i5-8250u 8gb 256gb win10"|"savingslots_555"
"Acer SW51252P35RA 12 ci37130u 4g 128ssd w10p"|"savingslots_482"
"Acer Switch 5 SW512-52P-35RA 12in Touchscreen LCD 2 in 1 Notebook"|"antonline_554"
"Lenovo 80X50002US 15.6&ampquot Laptop Intel Core i7 8GB Memory NVIDIA GeForce 920MX 1TB Hard Drive Platinum silver "|"truecurate_244"
"Lenovo 80X50002US 320s 15ikb 15.6 i7 8gb 1tb"|"savingslots_567"
"HP 1BS99UT 1030 g2 i77600u 13.3 8g 512 r"|"savingslots_61"
"Lenovo 81FK0000US Ip 330 i5 8gb 1tb"|"savingslots_505"
"Dell LATI54914D7J7 14 in. i7 8850H 8 GB 256 GB Laptop"|"massgenie_355"
"Dell LATI54914D7J7 14 i7 8850h 8gb 256gb"|"savingslots_135"
"Dell Latitude 5491"|"howardcomputer_2301"
"HP 2UA28UTABA SBUY PB470G5/i7-8550U/17/16GB/256GB"|"techcrave_61"
"ASUS?Chromebook Flip C302CA DHM4 - Flip design - Core m3 6Y30 / 900 MHz - Chrome OS - 4 GB RAM - 64 GB eMMC - 12.5in touchscreen 1920 x 1080 (Full HD) - HD Graphics 515 - 802.11ac - metallic gray?(C302CA-DHM4)"|"pcmg_696"
"ASUS C302CA-DHM4 Chromebook Flip 12.5-inch Touchscreen Convertible Chromebook Intel Core m3 4GB RAM 64GB Flash Storage All-Metal Body USB Type C Corning Gorilla Glass Chrome OS"|"galleon_6"
"Dell AW17R57092SLV 17.3 i7 8750h 16gb 1tb"|"savingslots_97"
"Dell Alienware 17 R5 AW17R5-7092SLV Intel Core i7-8750H"|"rlsteinway_33"
"HP 15CR0077NR 15  i3 8250  8 256 tch w10 2c"|"savingslots_514"
"HP Pavilion 15-CR0077NR Natural Silver 15.6 inch Touch Laptop Windows 10 Core i5-8250U QC Processor 8GB Memory 256 GB SSD Hard Drive UMA Graphics B&O Play"|"walmart_486"
"Lenovo IdeaPad Flex 6-14ARR 81HA0009US 14in Touchscreen LCD 2 in 1 Notebook"|"antonline_548"
"HP 4PY44UT 14 pb360440g1 i38130u 4gb 128"|"savingslots_517"
"Microsoft Surface Laptop 256GB i7 8GB Windows 10 Pro Platinum (JKQ-00001)"|"portableone_131"
"HP 3YE09UTABA SBUY ZBUG5/I7-8650U/8G/256G"|"techcrave_94"
"ASUS GL504GSDS74 Strix 15.6&ampquot Laptop Intel Core i7 16GB Memory NVIDIA GeForce GTX 1070 1TB HDD + 256GB SSD Black "|"truecurate_405"
"ASUS?ROG GL504GS-DS74 Gaming Laptop Strix SCAR II Edition - 8th Gen Intel Core i7-8750H 6-Core 2.20GHz 16GB RAM 256GB PCIe SSD + 1TB SSHD 15.6in 144Hz IPS-Type Slim Bezel Display GeForce GTX 1070 8GB WiFi Bluetooth RGB Keyboard Windows 10 Home 64-bit?(GL504GS-DS74)"|"macmall_693"
"Lenovo 81CA000UUS 2-in-1 15.6&ampquot Touch-Screen Laptop Intel Core i7 8GB Memory NVIDIA GeForce MX130 256GB Solid State Drive Onyx Black "|"truecurate_16"
"LENOVO 81CA000UUS 15.6 (FHD) TOUCH / CORE I7 8550U / 8GB /"|"techcrave_270"
"12.3in 32GB Multi-Touch 2-in-1 Chromebook Pro"|"bhphotovideo_43"
"Dell Inspiron 15 5000 5570 15.6in LCD Notebook"|"antonline_927"
"Dell I55705395SLV 15.6 i5  8250u 8gb 256gb"|"savingslots_561"
"Lenovo IdeaPad 710S Plus Touch-13IKB 80YQ0002US 13.3in Touchscreen LCD Notebook"|"antonline_773"
"Lenovo 20KU001KUS E485 2500u 8gb 256gb w10p"|"savingslots_549"
"Lenovo?ThinkPad E485 20KU - Ryzen 5 2500U / 2 GHz - Win 10 Pro 64-bit - 8 GB RAM - 256 GB SSD TCG Opal Encryption 2 NVMe - 14in IPS 1920 x 1080 (Full HD) - Radeon Vega 8 - Wi-Fi Bluetooth - black?(20KU001KUS)"|"macmall_98"
"Lenovo?ThinkPad E485 20KU - Ryzen 5 2500U / 2 GHz - Win 10 Pro 64-bit - 8 GB RAM - 256 GB SSD TCG Opal Encryption 2 NVMe - 14in IPS 1920 x 1080 (Full HD) - Radeon Vega 8 - Wi-Fi Bluetooth - black?(20KU001KUS)"|"pcmg_146"
"HP 1NL43UT Zbk17g4 i77820hq 16g 1tb 17.3"|"savingslots_22"
"Hp Commercial Specialty V2W08UtAba Zbk3 15 I7 6700 256G 8G W7 10"|"massgenie_533"
"HP 2ST02UT ProBook 15.6&ampquot Laptop Intel Core i5 4GB Memory 500GB Hard Drive Silver "|"truecurate_59"
"HP 15.6in ProBook 450 G5 Notebook"|"sdicraft_181"
"HP EliteBook 1040 G4 - 14.0in UHD touch Intel i5-7300U - 16GB - 512 GB NVME - HD 620 - BT - backlit - FPR - HD cam - W10P-64 - 2XU38UTABA"|"nautilusnet_72"
"HP 14in EliteBook 1040 G4 Multi-Touch Notebook"|"sdicraft_305"
"Lenovo 20LJS12B00 Mc00031780 x380 yoga w10p fd"|"savingslots_173"
"HP 15.6in ZBook 15u G3 Mobile Workstation"|"sdicraft_420"
"HP COMMERCIAL SPECIALTY 1NL41UTABA ZBk17G4 i77820HQ 16G 1TB 17.3"|"massgenie_160"
"Lenovo?ThinkPad E480 20KN - Core i5 7200U / 2.5 GHz - Win 10 Pro 64-bit - 4 GB RAM - 500 GB HDD - 14in TN 1366 x 768 (HD) - HD Graphics 620 - Wi-Fi Bluetooth - black?(20KN003TUS)"|"pcmg_40"
"HP 1NM38UT X360eb 1030g2 i57200u 8g 256gb"|"savingslots_94"
"HP 1NM38UTABA SBUY 1030 G2/i5-7300U/13/8GB/256GB"|"techcrave_24"
"HP 2TT74UT 17 pb470g5 i58250u  8gb/500"|"savingslots_510"
"Lenovo 81AC003EUS Ip 720s 15.6 i5 8gb 256gb"|"savingslots_331"
"Lenovo?ThinkPad X1 Yoga 20LD - Flip design - 8th Gen Intel Core i7 8650U / 1.9 GHz - Win 10 Pro 64-bit - 16 GB RAM - 512 GB SSD TCG Opal Encryption 2 NVMe - 14in IPS touchscreen 2560 x 1440 (WQHD) - UHD Graphics 620 - Wi-Fi Bluetooth - Black?(20LD001HUS)"|"pcmg_442"
"Dell commercial d2dyw 14 i7 8850h 16gb 256gb"|"massgenie_450"
"Dell LATI5491D2DYW 14 i7 8850h 16gb 256gb"|"savingslots_137"
"Hp inc. - sb notebooks v1h19utaba smart buy elitebook 850 g3"|"massgenie_919"
"Asus C213SAYS02 Flip 2-in-1 11.6&ampquot Touch-Screen Chromebook Intel Celeron 4GB Memory 32GB eMMC Flash Gray dark gray "|"truecurate_83"
"Lenovo 20L9001FUS Ts t580 i5 8gb 256gb"|"savingslots_208"
"Lenovo ThinkPad T480s 20L7005FUS 14in LCD Notebook"|"antonline_575"
"Lenovo 20L7005FUS Ts t480s i7 8gb 256gb w10p"|"savingslots_118"
"HP 2UL94UT EliteBook 14&ampquot Laptop Intel Core i7 8GB Memory 256GB Solid State Drive Natural Silver Diamond Cut Design "|"truecurate_308"
"HP V1P80UT 15.6 650 g2 i7-6600u 8g  256g"|"savingslots_314"
"Dell LATI54918XW29 14 in. i5 8400H 8 GB 256 GB Solid State Drive Laptop"|"massgenie_657"
"HP 15.6in ZBook 15u G3 Mobile Workstation"|"sdicraft_422"
"HP EliteBook 1020 x360 G2 - 12.5in FHD Intel i7-7500U - 8GB - 256 GB NVME -  HD 615 - backlit - FPR - HD cam - W10P-64 - 2UE44UTABA"|"nautilusnet_25"
"HP 13.3in EliteBook 830 G5 Notebook"|"sdicraft_256"
"Hewlett Packard 15in Ryz5 2500 8G 1T TCH W10 2c"|"buydig_462"
"Lenovo - Flex 6-14IKB 2-in-1 14in Touch-Screen Laptop - Intel Core i5 - 8GB Memory - 128GB Solid State Drive - Onyx Black"|"bestbuy_755"
"Lenovo IdeaPad Flex 6-14IKB 81EM0011US 14in Touchscreen LCD 2 in 1 Notebook"|"antonline_692"
"HP 15-DB0040NR Smoke Gray 15.6 inch Touch Laptop Windows 10 R5-2500U QC Processor 8GB Memory 1TB Hard Drive UMA Graphics DVD"|"walmart_732"
"ASUS X540YADB02 VivoBook 15.6&ampquot Laptop AMD E2-Series 4GB Memory Radeon R2 500GB Hard Drive Gold Chocolate Black "|"truecurate_291"
"Lenovo 20LF000JUS Ts x1 yoga gen3 i5 8gb 256gb f"|"savingslots_162"
"Lenovo ThinkPad X1 Yoga 20LF"|"howardcomputer_2107"
"Dell I75775241BLK 15.6 i5  7300hq 8gb 128gb 1tb"|"savingslots_337"
"Dell I75775241BLK 15.6&ampquot Laptop Intel Core i5 8GB Memory NVIDIA GeForce GTX 1060 1TB Hard Drive + 128GB Solid State Black "|"truecurate_52"
"DELL K7G13 LATITUDE 5590 COREI78-8650U8GB 1DIMMS256"|"techcrave_2124"
"ASUS UX461UADS51T 14.0 i5 8250u 8gb 256gb w10h"|"savingslots_446"
"Dell LATI5490FWFWM 14 i5 8350u 8gb 500gb sata"|"savingslots_381"
"Lenovo 81DE01M2US Ip 330 15.6 i5 8gb 1tb"|"savingslots_578"
"Lenovo?530S-14IKB 81EU - 8th Gen Intel Core i5 8250U / 1.6 GHz - Windows 10 Home - 8 GB RAM - 256 GB SSD NVMe - 14in IPS 1920 x 1080 (Full HD) - UHD Graphics 620 - Wi-Fi Bluetooth - onyx black?(81EU0008US)"|"macmall_642"
"Lenovo 330-15IKBR 81DE"|"howardcomputer_1485"
"HP ProBook 650 G4"|"howardcomputer_787"
"HP Business V1P90UT-ABA 1040 G3 i5 6200U 14 8 GB 256 GB Ultrabook Laptop"|"massgenie_672"
"Hewlett Packard 15 in 450G5 i57200U 8GB/256"|"buydig_335"
"HP 5HT20UT 15  450g5 i57200u 8gb/256"|"savingslots_516"
"Lenovo 81D30001US 330-15ARR Touch 15.6&ampquot Touch-Screen Laptop AMD Ryzen 5 8GB Memory 1TB Hard Drive Platinum Gray "|"truecurate_358"
"LENOVO 20HK0013US P71WIN10PI78GB500GB3YR"|"techcrave_177"
"Lenovo?ThinkPad P71 Intel Core i7-7700HQ Quad-Core 2.80GHz Notebook PC - 8GB RAM 500GB HDD 17.3in FHD IPS LCD Gigabit Ethernet 802.11ac Bluetooth 4.1 Fingerprint Reader - Black?(20HK0013US)"|"pcmg_421"
"HP 3YG31UT 15.6 650g4 i58250u 8gb/256 lt"|"savingslots_298"
"HP 1BS46UT 850ebg4 i57200u 8g 256gb 15.6"|"savingslots_363"
"HP 1BS46UT EliteBook 15.6&ampquot Laptop Intel Core i5 8GB Memory 256GB Solid State Drive Silver "|"truecurate_29"
"Lenovo - ThinkPad E580 15.6in Laptop - Intel Core i7 - 8GB Memory - 500GB Hard Drive - Black"|"bestbuy_805"
"Lenovo ThinkPad E580 20KS003LUS 15.6in LCD Notebook"|"antonline_912"
"Lenovo?ThinkPad E580 20KS 8th Gen Intel Core i7-8550U Quad-Core 1.8GHz Notebook PC - 8GB RAM 500GB HDD 15.6in IPS 1920 x 1080 (Full HD) UHD Graphics 620 Wi-Fi Bluetooth Microsoft Windows 10 Pro 64-bit - Black?(20KS003LUS)"|"macmall_40"
"Lenovo?ThinkPad E580 20KS 8th Gen Intel Core i7-8550U Quad-Core 1.8GHz Notebook PC - 8GB RAM 500GB HDD 15.6in IPS 1920 x 1080 (Full HD) UHD Graphics 620 Wi-Fi Bluetooth Microsoft Windows 10 Pro 64-bit - Black?(20KS003LUS)"|"pcmg_38"
"Hewlett Packard 15.6in 450PBG3 i56200U 500GB 8G"|"buydig_390"
"HP - Pavilion 15.6in Touch-Screen Laptop - Intel Core i5 - 8GB Memory - 1TB Hard Drive - HP Sand Blast Matte Finish In Ceramic White"|"bestbuy_666"
"Lenovo ThinkPad E480 20KN008GUS 14in LCD Notebook"|"antonline_801"
"HP 1BS16UT ProBook 15.6&ampquot Laptop Intel Core i5 4GB Memory 500GB Hard Drive Black "|"truecurate_342"
"LENOVO 20KN008GUS E480W10PI34GB500GB1YR"|"techcrave_198"
"Lenovo 20LF000PUS Ts x1 yoga gen3 i5 16gb 256gb"|"savingslots_81"
"LENOVO 20LB0019US P52SW10PI716G1TB3YR"|"techcrave_232"
"HP Omen 17 Notebook Intel Core i7-7820HK 8th Gen 256 GB SSD"|"rlsteinway_65"
"HP 1JD35UTNo.ABA 15.6 in. G4 Mobile Workstation"|"massgenie_163"
"HP 11.6in Chromebook w/ Intel Celeron N3060 4GB RAM & 16GB eMMC"|"walmart_754"
"Lenovo?ThinkPad X1 Yoga 20LD Flip design 8th Gen Intel Core i5-8350U Quad-Core 1.7GHz - 16GB RAM 256GB SSD TCG Opal Encryption 2 NVMe 14in IPS touchscreen 1920 x 1080 (Full HD) UHD Graphics 620 Wi-Fi Bluetooth Microsoft Windows 10 Pro 64-bit - Black?(20LD001DUS)"|"pcmg_614"
"Lenovo 20KH002RUS ThinkPad X1 Carbon 14&ampquot Laptop Intel Core i7 16GB Memory 512GB Solid State Drive Black "|"truecurate_423"
"Lenovo - ThinkPad X1 Carbon 14in Laptop - Intel Core i7 - 16GB Memory - 512GB Solid State Drive - Black"|"bestbuy_823"
"HP 1GE45UT EliteBook 14&ampquot Laptop Intel Core i7 16GB Memory 512GB Solid State Drive Silver "|"truecurate_1"
"HP COMMERCIAL SPECIALTY 1MP26UTABA ZBk15G4 i77700HQ 8G 256G 15.6"|"massgenie_455"
"HP 15.6in 250 G6 Series Notebook"|"sdicraft_199"
"Hp business 4jb95utaba 745g5 r7-2700u 14 8gb/256 pc"|"massgenie_962"
"ASUS ROG Strix Scar Edition GL703GS-DS74 17.3in Gaming Laptop Computer - Black Intel Core i7-8750H Processor 2.2GHz  NVIDIA GeForce GTX 1070 8GB GDDR5  16GB DDR4-2666 RAM  256GB SSD+1TB 5400RPM SSHD FireCuda"|"microcenter_117"
"Lenovo 20L7001YUS ThinkPad T480s 14&ampquot Laptop Intel Core i7 16GB Memory 512GB Solid State Drive Black "|"truecurate_464"
"Lenovo 20KS003QUS ThinkPad E580 15.6&ampquot Laptop Intel Core i5 8GB Memory 256GB Solid State Drive Black Black "|"truecurate_463"
"Lenovo 20KS003QUS Ts e580 i5 8gb 256gb"|"savingslots_508"
"HP ProBook x360 440 G1"|"howardcomputer_1563"
"HP ProBook x360 440 G1 14in 2-in-1 Laptop Computer - Silver Intel Core i5-8250U Processor 1.6GHz  8GB DDR4 RAM  256GB Solid State Drive  Intel UHD Graphics 620"|"microcenter_43"
"HP V1P79UTABA SBUY 650/i5-6300U/15.6/8GB/500GB"|"techcrave_137"
"HP 2XM87UTABA SBUY EB1040G4/i7-7500U/14/8GB/512GB"|"techcrave_70"
"HP Inc.?EliteBook 1040 G4 7th Gen Intel Core i7-7500U Dual-Core 2.9GHz 8GB RAM 512GB SSD NVMe TLC 14in IPS touchscreen 1920 x 1080 (Full HD) HD Graphics 620 Wi-Fi NFC Bluetooth Microsoft Windows 10 Pro 64-bit - Natural Silver Diamond Cut Design kbd: US?(2XM87UTABA)"|"pcmg_532"
"Lenovo 330-15IKB Touch 81DJ"|"howardcomputer_1489"
"Lenovo 81DJ0000US 330-15IKBR Touch 15.6&ampquot Touch-Screen Laptop Intel Core i7 16GB Memory NVIDIA GeForce MX150 1TB Hard Drive Platinum Gray "|"truecurate_251"
"Lenovo - 330-15IKBR Touch 15.6in Touch-Screen Laptop - Intel Core i7 - 16GB Memory - NVIDIA GeForce MX150 - 1TB Hard Drive - Platinum Gray"|"bestbuy_736"
"HP Inc.?Smart Buy ZBook 15 G3 Intel Core i7-6700HQ Quad-Core 2.60GHz Mobile Workstation - 8GB RAM 1TB HDD 15.6in LED FHD Gigabit Ethernet 802.11ac Bluetooth Webcam TPM + Fingerprint Reader 9-cell 90 Wh Li-Ion Polymer?(V2W06UTABA)"|"pcmg_284"
"HP V2W06UT Zbk3 15 i7 6700 1t 8g w7 10"|"savingslots_218"
"Lenovo 81HG001HUS 17.3&ampquot Laptop Intel Core i5 16GB Memory NVIDIA GeForce GTX 1050 Ti 1TB Hard Drive + 128GB Solid State Black "|"truecurate_514"
"LENOVO 20L5000UUS T480W10Pi78G256G3yr"|"techcrave_209"
"Lenovo?ThinkPad T480 20L5 8th Gen Intel Core i7-8550U Quad-Core 1.80GHz Notebook PC - 8GB RAM 256GB SSD M.2 PCIe NVMe Opal2 14in FHD (1920x1080) IPS Display Intel UHD Graphics 620 Intel 8265ac 2x2 + BT4.1 720p Camera Windows 10 Pro 64 - TopSeller?(20L5000UUS)"|"macmall_268"
"Dell Latitude 5590 15.6in Intel Core i7 8th Gen LCD Notebook"|"antonline_1055"
"HP Envy 13.3in Touch Screen Laptop Intel Core i7 (8th Gen) 8GB RAM 256GB SSD Silver"|"antonline_292"
"Hewlett Packard 745G5 R7-2700U 14 16GB/512 PC"|"buydig_465"
"Lenovo ThinkPad T480s 14in Laptop Computer - Black Intel Core i7-8650U Processor 1.9GHz  16GB DDR4 RAM  512GB Solid State Drive  Intel UHD Graphics 620"|"microcenter_120"
"Lenovo IdeaPad Flex 6-14IKB 81EM0008US 14in Touchscreen LCD 2 in 1 Notebook"|"antonline_861"
"HP 4LB46UT 14 probook 645g4 r52500u"|"savingslots_472"
"ASUS X540UADB51 VivoBook 15 15.6&ampquot Laptop Intel Core i5 8GB Memory 1TB + Hybrid Hard Drive Black "|"truecurate_475"
"Lenovo - ThinkPad X1 Yoga 2-in-1 14in Touch-Screen Laptop - Intel Core i7 - 8GB Memory - 256GB Solid State Drive - Black"|"bestbuy_829"
"Lenovo 80NW0030US Y700 touch 15.6 i7 16gb 256gb"|"savingslots_378"
"Dell 14in i5 8400H 8GB 256GB"|"buydig_286"
"ASUS - Flip C213SA 2-in-1 11.6in Touch-Screen Chromebook - Intel Celeron - 4GB Memory - 32GB eMMC Flash Memory - Gray dark gray"|"bestbuy_305"
"MSI GS63VR Stealth Pro 674 VR Ready Gaming Laptop"|"cukusa_76"
"HP Inc.?SmartBuy ZBook 15 G4 7th Gen Intel Core i7-7820HQ 2.9GHz Mobile Workstation - 16GB RAM 512GB SSD Z Turbo Drive NVMe 15.6in 1920 x 1080 (Full HD) Quadro M2200 / HD Graphics 630 Microsoft Windows 10 Pro 64-bit?(1JD35UTABA)"|"pcmg_48"
"HP EliteBook 840 G4 14in Touchscreen LCD Notebook"|"antonline_345"
"HP Inc.?Smart Buy EliteBook 840 G4 Intel Core i7-7500U 2.7GHz Ultrabook - 16GB RAM 512GB SSD 14in LED QHD UWVA Anti-Glare Gigabit Ethernet 8265 AC 2x2 WiFi Bluetooth 4.2 Webcam 3-Cell 51Whr Li-Ion Polymer Long Life Battery?(1GE45UTABA)"|"pcmg_215"
"HP Inc.?Smart Buy EliteBook 840 G4 Intel Core i5-7300U 2.6GHz Ultrabook - 16GB RAM 512GB SSD 14in LED QHD UWVA Anti-Glare Gigabit Ethernet 8265 AC 2x2 WiFi Bluetooth 4.2 Webcam 3-Cell 51Whr Li-Ion Polymer Long Life Battery?(1GE43UTABA)"|"pcmg_699"
"Dell?Latitude 5591 8th Gen Intel Core i5-8400H 2.5GHz Notebook PC - 8GB RAM 256GB SSD NVMe Class 40 15.6in 1920 x 1080 (Full HD) UHD Graphics 630 WiFi Bluetooth Microsoft Windows 10 Pro 64-bit?(XX14F)"|"pcmg_667"
"HP Inc.?Pavilion Gaming 15-cx0020nr 8th Gen Intel Core i5-8300H Quad-Core 2.3GHz Notebook PC - 8GB RAM 1TB HDD (16GB SSD cache) 15.6in IPS 1920 x 1080 (Full HD) GF GTX 1050 Ti Wi-Fi Bluetooth Microsoft Windows 10 Home?(3WF00UAABA)"|"macmall_434"
"Asus UX550VEDB71T 15.6&ampquot Touch-Screen Laptop Intel Core i7 16GB Memory NVIDIA GeForce GTX 1050 Ti 512GB Solid State Drive Matte black "|"truecurate_275"
"Asus GM501GSXS74 ROG Zephyrus 15.6&ampquot Laptop Intel Core i7 16GB Memory NVIDIA GeForce GTX 1070 1TB Hybrid Drive + 256GB SSD Black "|"truecurate_147"
"Acer - TravelMate 15.6in Laptop - Intel Core i7 - 8GB Memory - 256GB Solid State Drive - Black"|"bestbuy_128"
"HP Chromebook 11-v010nr 11.6in Laptop Computer - Gray Intel Celeron N3060 Processor 1.6GHz  Chrome OS  4GB LPDDR3 Onboard RAM  16GB eMMC Storage"|"microcenter_46"
"HP Chromebook Anodized Silver Laptop Computer"|"abt_89"
"HP EliteBook 1020 x360 G2 - 12.5in FHD Intel i7-7600U - 16GB - 512 GB NVME -  HD 615 - backlit - HD cam - W10P-64 - 2UE51UTABA"|"nautilusnet_29"
"Dell - 15.6in Laptop - Intel Core i5 - 8GB Memory - NVIDIA GeForce GTX 1060 - 1TB Hard Drive + 128GB Solid State Drive - Black"|"bestbuy_384"
"Asus ZenBook Pro UX550VE-DB71T 15.6in Touchscreen LCD Notebook"|"antonline_1113"
"Lenovo ThinkPad T480s 20L7001YUS 14in LCD Notebook"|"antonline_658"
"Lenovo ThinkPad T480 20L5000UUS 14in LCD Notebook"|"antonline_654"
"Asus S510UADS71 15.6&ampquot Laptop Intel Core i7 8GB Memory 1TB Hard Drive + 128GB Solid State Metal Gold "|"truecurate_85"
"Lenovo - Flex 6-14IKB 2-in-1 14in Touch-Screen Laptop - Intel Core i5 - 8GB Memory - 256GB Solid State Drive - Onyx Black"|"bestbuy_756"
"HP Inc.?Envy 13-ah0010nr 8th Gen Intel Core i7-8550U Quad-Core 1.80GHz Notebook PC - 8GB RAM 256GB PCIe NVMe M.2 SSD 13.3in Full HD (1920x1080) IPS Touchscreen Display Intel UHD Graphics 620 Wi-Fi Bluetooth Webcam Windows 10 Home 64?(3WF47UAABA)"|"macmall_411"
"Acer TMP2510G2M891A 15.6 ci78550 8g 256ssd w10p"|"savingslots_385"
"Acer SP51551N51RH 15.6 ci58250u 8g 256ssd w10h"|"savingslots_520"
"Acer 15.6in Ci78550 8G 256SSD W10P"|"buydig_432"
"Alienware - 17.3in Laptop - Intel Core i7 - 8GB Memory - NVIDIA GeForce GTX 1060 OC Edition - 1TB HDD + 256GB Solid State Drive - Epic Silver"|"bestbuy_139"
"HP EliteBook 840 G4"|"howardcomputer_2319"
"HP EliteBook 840 G4"|"howardcomputer_627"
"ASUS - Zenbook 15.6in Touch-Screen Laptop - Intel Core i7 - 16GB Memory - NVIDIA GeForce GTX 1050 Ti - 512GB SSD - Matte black"|"bestbuy_354"
"Lenovo 20L9001MUS ThinkPad T580 15.6&ampquot Laptop Intel Core i7 8GB Memory 256GB Solid State Drive Black "|"truecurate_400"
"HP ZBook 14u G5 14in Touchscreen LCD Mobile Workstation"|"antonline_291"
"HP ZBook 15 G5 15.6in Touchscreen LCD Mobile Workstation"|"antonline_153"
"Lenovo 20L9001KUS ThinkPad T580 15.6&ampquot Laptop Intel Core i5 8GB Memory 256GB Solid State Drive Black "|"truecurate_401"
"ASUS GL503GEES52 15.6 fhd i5 8300h 8gb 128gb"|"savingslots_353"
"Lenovo ThinkPad E580 15.6in Notebook Intel Core i5 - 7200U(7th Gen)"|"rlsteinway_77"
"Dell Commercial J350V 14 I5 7300U 8Gb 256Gb"|"massgenie_675"
"Dell commercial 8xw29 14 i5 8400h 8gb 256gb"|"massgenie_751"
"Acer A51751568Y Aspire 17.3&ampquot Laptop Intel Core i5 8GB Memory 1TB Hard Drive Obsidian Black "|"truecurate_312"
"DELL T5Y8D LATITUDE 5490 COREI78-8650U8GB 1DIMMS256"|"techcrave_2187"
"Lenovo - ThinkPad T580 15.6in Laptop - Intel Core i7 - 8GB Memory - 256GB Solid State Drive - Black"|"bestbuy_820"
"ASUS?VivoBook X540YA DB02 - E2 6110 / 1.5 GHz - Win 10 Home 64-bit - 4 GB RAM - 500 GB HDD - 15.6in 1366 x 768 (HD) - Radeon R2 - gold chocolate black?(X540YA-DB02)"|"macmall_628"
"Lenovo 20KH002FUS ThinkPad X1 Carbon 14&ampquot Laptop Intel Core i7 16GB Memory 1TB Solid State Drive Black "|"truecurate_526"
"ASUS - ASUSPRO P5440UF 14in Laptop - Intel Core i7 - 16GB Memory - NVIDIA GeForce MX130 - 512GB Solid State Drive - Gray"|"bestbuy_301"
"Hewlett Packard EB840G5 i58250U 8G 256GB 14in"|"buydig_376"
"Hewlett Packard 840EBG4 i57200U 8G 256GB 14in"|"buydig_422"
"Hewlett Packard ZB14uG4 i77500U 8G 256GB 14in"|"buydig_494"
"Dell Latitude 5590"|"howardcomputer_89"
"Dell 14in i5 8250U 4GB 500GB SATA"|"buydig_143"
"HP Inc.?250 G6 - Core i5 7200U / 2.5 GHz - Win 10 Pro 64-bit - 8 GB RAM - 256 GB SSD SED - DVD-Writer - 15.6in 1366 x 768 (HD) - HD Graphics 620 - Wi-Fi Bluetooth - dark ash silver woven texture - kbd: US?(1NW57UTABA)"|"pcmg_31"
"HP Inc.?250 G6 - Core i5 7200U / 2.5 GHz - Win 10 Pro 64-bit - 8 GB RAM - 256 GB SSD SED - DVD-Writer - 15.6in 1366 x 768 (HD) - HD Graphics 620 - Wi-Fi Bluetooth - dark ash silver woven texture - kbd: US?(1NW57UTABA)"|"macmall_340"
"HP 14in ProBook 640 G2 Notebook"|"sdicraft_111"
"HP 15.6in EliteBook 850 G5 Notebook"|"sdicraft_252"
"MSI GS63VR Stealth Pro-674 Aluminum Black Gaming Laptop Computer"|"abt_70"
"MSI GT83 Titan-014 VR Ready 18.4in LCD Gaming Notebook"|"antonline_981"
"ASUS - VivoBook 15 15.6in Laptop - Intel Core i5 - 8GB Memory - 1TB + 8GB Hybrid Hard Drive - Black"|"bestbuy_332"
"Lenovo 20L5000UUS ThinkPad T480 14&ampquot Laptop Intel Core i7 8GB Memory 256GB Solid State Drive Black "|"truecurate_465"
"Lenovo ThinkPad P71 20HK"|"howardcomputer_17"
"Lenovo - ThinkPad T480 14in Laptop - Intel Core i7 - 8GB Memory - 256GB Solid State Drive - Black"|"bestbuy_813"
"ASUS - ROG Zephyrus M 15.6in Laptop - Intel Core i7 - 16GB Memory - NVIDIA GeForce GTX 1070 - 1TB Hybrid Drive + 256GB SSD - Black"|"bestbuy_321"
"Lenovo IdeaPad Flex 6-14IKB 81EM000AUS 14in Touchscreen LCD 2 in 1 Notebook"|"antonline_833"
"HP Inc.?ZBook 14u G5 Mobile Workstation 8th Gen Intel Core i7-8550U 1.8GHz - 8GB RAM 256GB SSD Z Turbo Drive NVMe 14in IPS 1920 x 1080 (Full HD) Radeon Pro WX 3100 / UHD Graphics 620 WiFi Bluetooth Microsoft Windows 10 Pro 64-bit - Turbo Silver?(3YE07UTABA)"|"macmall_326"
"HP EliteBook 840 G4"|"antonline_354"
"Dell Latitude 5000 5591 15.6in LCD Notebook"|"antonline_722"
"Dell Latitude 5000 5591 15.6in LCD Notebook"|"antonline_723"
"ASUS?PRO P5440UF XB74 8th Gen Intel Core i7-8550U 1.8GHz Notebook PC - 16GB RAM 512GB SSD 14in 1920 x 1080 (Full HD) NVIDIA GeForce MX130 2GB GDDR5 HD Web Camera 802.11AC Bluetooth 4.2 3-cell Li-ion Microsoft Windows 10 Pro 64-bit?(P5440UF-XB74)"|"macmall_692"
"HP 14in EliteBook 1040 G4 Multi-Touch Notebook"|"sdicraft_297"
"HP ProBook 470 G5 17.3in LCD Notebook"|"antonline_326"
"Lenovo?ThinkPad E580 20KS 8th Gen Intel Core i5-8250U Quad-Core 1.60GHz Notebook PC - 8GB RAM 256GB SSD M.2 PCIe NVMe Opal2 15.6in FHD (1920x1080) IPS Display Intel UHD Graphics 620 802.11ac 2x2 +BT4.1 720p Camera Windows 10 Pro 64 - TopSeller?(20KS003SUS)"|"macmall_263"
"Lenovo 20HH000GUS 15.6&ampquot Laptop Intel Core i7 8GB Memory NVIDIA Quadro M1200M 256GB Solid State Drive Black "|"truecurate_227"
"HP 14in EliteBook 840 G4 Notebook"|"sdicraft_147"
"HP 14in EliteBook 840 G4 Notebook"|"sdicraft_171"
"HP Pavilion Gaming 15-cx0000 15-cx0030nr 15.6in LCD Gaming Notebook"|"antonline_206"
"Hewlett Packard 15-CX0020NR Pavilion 15.6in Intel i5-8300H 8GB RAM + 16GB 1TB Gaming Laptop"|"buydig_38"
"15.6in IdeaPad 330 Multi-Touch Notebook"|"bhphotovideo_76"
"Asus UX461UADS51T ZenBook Flip 2-in-1 14&ampquot Touch-Screen Laptop Intel Core i5 8GB Memory 256GB Solid State Drive Slate Gray "|"truecurate_175"
"Lenovo 81EM0008US Flex 6-14IKB 2-in-1 14&ampquot Touch-Screen Laptop Intel Core i5 8GB Memory 256GB Solid State Drive Onyx Black "|"truecurate_388"
"Lenovo 20LD001GUS ThinkPad X1 Yoga 2-in-1 14&ampquot Touch-Screen Laptop Intel Core i5 8GB Memory 256GB Solid State Drive Black "|"truecurate_494"
"MSI GS73 STEALTH-016 17.3&ampquot Laptop Intel Core i7 16GB Memory NVIDIA GeForce GTX 1070 2TB Hard Drive + 256GB Solid State Aluminum Black "|"truecurate_350"
"HP 15-CR0077NR Pavilion x360 2-in-1 15.6&ampquot Touch-Screen Laptop Intel Core i5 8GB Memory 256GB Solid State Drive Finish In Natural Silver And Ash "|"truecurate_370"
"Lenovo?ThinkPad X1 Yoga (3rd Gen) 20LD 8th Gen Intel Core i7-8550U Quad-Core 1.80GHz Notebook PC - 8GB RAM 256GB SSD M.2 PCIe NVMe Opal2 14in FHD (1920x1080) IPS Touchscreen Display Intel UHD Graphics 620 Wi-Fi BT4.1 Windows 10 Pro 64 - Black?(20LD001KUS)"|"pcmg_655"
